surface_habitable,nb_pieces,nb_chambres,etage,ascenseur,annee_construction,balcon,terrasse,parking,distance_centre,distance_transport,score_commerces,prix,surface_par_piece,quartier_Belleville,quartier_Marais,quartier_Montmartre,quartier_Saint-Germain,type_bien_Duplex,type_bien_Loft,type_bien_Maison,type_bien_Studio,etat_Correct,etat_Neuf,etat_Très bon,etat_À rénover,chauffage_Individuel gaz,chauffage_Individuel électrique,chauffage_Pompe à chaleur,classe_energie_B,classe_energie_C,classe_energie_D,classe_energie_E,classe_energie_F,classe_energie_G
1.8170079099050909,1.7781765835780143,2.0469347742702855,-0.9127600516957498,0,1984.0,1,0,0.0,-1.2014106641719353,-0.04872992995063331,-0.42636802588611145,1903939.0665939187,0.19485116485916798,0,0,0,1,0,0,1,0,0,0,0,1,0,1,0,1,0,0,0,0,0
-0.6655161392214534,-0.3443356115043728,-0.44779502514724795,-0.11681496270133813,0,1900.0,1,0,0.0,1.1335375193961208,-0.09558373155297213,-0.42636802588611145,525053.8672565067,-0.624297736818112,0,0,0,0,0,0,0,0,0,0,0,0,1,0,0,0,0,1,0,0,0
0.5334383112377844,0.7169204860368208,1.423252324415902,1.0771026707902793,1,2014.0,1,0,1.0,-1.640443999383191,0.038446822170222855,1.7551714439851585,1372296.966177088,-0.08619473364718733,0,0,1,0,1,0,0,0,1,0,0,0,1,0,0,0,0,0,0,1,0
0.5106861255446153,1.2475485348074176,1.423252324415902,-0.11681496270133813,0,1856.0,0,0,0.0,0.49153344079253947,-0.23056082590054405,-1.1535478491765347,1054674.4829084985,-0.38432323705590404,0,0,1,0,0,0,0,0,1,0,0,0,0,0,1,0,1,0,0,0,0
-0.4716338365478929,0.186292437266224,0.17588742470713542,2.271020304281897,1,1973.0,0,0,1.0,0.7443711716936483,0.3217446839733954,-0.0627781142408998,765388.419567933,-0.7110163256024129,1,0,0,0,0,0,0,0,0,0,1,0,0,0,0,1,0,0,0,0,0
2.5166209436250484,0.186292437266224,-0.44779502514724795,-0.5147875071985439,0,2018.0,0,1,0.0,0.7570646193936329,-0.26801764620392826,-1.5171377608217465,3521088.7695460324,2.405714707801123,0,0,1,0,0,1,0,0,1,0,0,0,0,0,0,0,0,0,0,1,0
-1.197237803787123,-1.4055917090455665,-1.6951599248560147,0.2811575817958677,1,2002.0,1,1,1.0,0.12915422970806067,0.31304352221143933,-0.0627781142408998,186493.85147819028,-0.5311342737199771,0,0,1,0,0,0,0,1,1,0,0,0,0,0,1,0,0,0,1,0,0
-0.9998983871852559,-1.4055917090455665,-1.6951599248560147,0.2811575817958677,1,1924.0,0,0,2.0,-0.8754632754011065,-0.05517176237893059,-1.5171377608217465,395444.0984195577,0.29216083206239213,0,0,1,0,0,0,0,1,0,0,0,0,1,0,0,0,1,0,0,0,0
-0.21689865477744313,-0.3443356115043728,-0.44779502514724795,0.2811575817958677,1,1951.0,1,0,0.0,0.3020479466394087,-0.0622629865185248,-0.7899579375313232,967031.474881812,-0.0004240987462586355,0,0,0,1,0,0,0,0,1,0,0,0,0,1,0,0,0,0,1,0,0
-0.18665502986711516,-0.3443356115043728,-0.44779502514724795,0.2811575817958677,1,1894.0,0,0,0.0,1.750986533148962,-0.25551713957134975,1.391581532339947,1214142.5717674284,0.04163444991835935,0,0,0,1,0,1,0,0,0,1,0,0,0,0,0,0,0,0,1,0,0
0.7228425349165172,0.7169204860368208,0.7995698745615187,1.4750752152874853,1,1904.0,1,0,1.0,0.6977214694408749,0.17061971042917912,-1.5171377608217465,1692230.9257922445,0.07184320226483606,1,0,0,0,0,1,0,0,0,0,0,0,0,0,0,0,0,0,1,0,0
-1.1164899604120002,-1.4055917090455665,-1.6951599248560147,-0.5147875071985439,0,1975.0,1,0,1.0,0.7626085345847898,-0.3386375154178317,0.30081179740431185,228086.26372292373,-0.19425629263552918,1,0,0,0,0,0,0,1,0,0,0,0,0,1,0,0,0,0,0,0,0
-0.5281069485015971,-0.3443356115043728,0.17588742470713542,-0.11681496270133813,0,1923.0,0,0,2.0,2.6879162548265403,-0.10576173669994993,0.30081179740431185,632939.4788790527,-0.433208502244142,0,1,0,0,0,0,0,0,1,0,0,0,1,0,0,0,0,1,0,0,0
-0.6658468882174903,-0.3443356115043728,-0.44779502514724795,1.4750752152874853,1,2007.0,0,0,1.0,0.7897424947564694,-0.30410212474023285,-0.7899579375313232,591872.1837109497,-0.6247576956618961,0,0,0,0,0,0,0,0,0,0,0,0,1,0,0,0,0,1,0,0,0
0.22659780047039138,0.186292437266224,0.17588742470713542,1.0771026707902793,0,1917.0,0,0,1.0,-1.0607712021315239,-0.24202400647547212,-1.1535478491765347,1640363.117539276,0.01723490184918168,0,0,1,0,0,1,0,0,0,0,0,0,0,1,0,0,1,0,0,0,0
-0.3520542018812174,-0.3443356115043728,-1.0714774750016314,1.8730477597846913,1,2008.0,0,0,0.0,-0.6963191339790445,0.7824862942025231,0.30081179740431185,980974.09097786,-0.1883792850710283,1,0,0,0,0,0,0,0,0,1,0,0,0,1,0,0,0,0,1,0,0
-0.23125869580323966,-0.3443356115043728,0.17588742470713542,-0.9127600516957498,0,1968.0,1,0,1.0,-0.7202146510769013,-0.2803073397016815,1.7551714439851585,1143232.0519571367,-0.02039400930096605,0,1,0,0,0,0,0,0,0,0,0,0,1,0,0,0,0,1,0,0,0
0.27505049456560676,0.186292437266224,-0.44779502514724795,-0.9127600516957498,0,1990.0,1,1,0.0,-1.0796382866897307,-0.26947670655015854,0.30081179740431185,1296322.7658225007,0.06777075854404703,0,0,0,0,0,0,1,0,0,1,0,0,0,1,0,0,0,1,0,0,0
-0.34397103465385986,-0.3443356115043728,-0.44779502514724795,-0.9127600516957498,1,1966.0,1,0,0.0,-0.4304318961833649,-0.28341812670739003,1.7551714439851585,761174.5548301999,-0.17713836129935556,0,0,0,0,0,0,0,0,0,0,0,0,0,1,0,0,0,1,0,0,0
0.0017419962132262587,1.2475485348074176,0.7995698745615187,-0.9127600516957498,0,2017.0,1,0,1.0,0.3670984273019446,-0.09765260550237141,1.0279916206947353,1009939.372941111,-0.7382069314629522,1,0,0,0,0,0,0,0,0,0,0,0,1,0,0,0,1,0,0,0,0
0.7114304223541357,1.7781765835780143,2.0469347742702855,-0.9127600516957498,0,2014.0,1,1,0.0,-0.24964692930626625,1.0562454205043579,0.6644017090495236,1234449.5235176955,-0.46406906379166507,0,0,1,0,0,0,1,0,1,0,0,0,0,0,1,0,0,1,0,0,0
-0.6943339520834321,-1.4055917090455665,-1.6951599248560147,1.4750752152874853,1,1934.0,1,1,1.0,0.3063794220650206,0.06026057704005902,-1.1535478491765347,583258.2269508775,1.566968005674487,0,0,0,0,0,0,0,1,1,0,0,0,0,1,0,0,0,1,0,0,0
0.35025124479524383,1.7781765835780143,2.0469347742702855,-0.9127600516957498,0,1966.0,0,0,2.0,0.29726468369874176,0.19874015405778514,-1.1535478491765347,1418203.8843170477,-0.6793305619144334,0,0,0,1,0,0,1,0,0,0,0,0,0,0,0,0,0,1,0,0,0
-0.9325574354771815,-1.4055917090455665,-1.6951599248560147,-0.5147875071985439,0,2022.0,0,1,0.0,-0.9828749948084269,-0.21181507625306,1.391581532339947,461557.47978190193,0.5731055967458603,0,0,0,1,0,0,0,1,1,0,0,0,0,1,0,0,0,0,1,0,0
0.1660217817074984,0.186292437266224,0.17588742470713542,-0.11681496270133813,0,1988.0,0,0,2.0,-0.6904358978368751,-0.14229807882474496,0.6644017090495236,1048227.0078327112,-0.045945506598928244,0,0,0,0,1,0,0,0,1,0,0,0,0,0,0,0,1,0,0,0,0
-0.1703215608299164,-0.3443356115043728,0.17588742470713542,1.4750752152874853,1,1943.0,0,1,1.0,-0.7224467365121404,-0.3454499095351306,-1.5171377608217465,1272483.84703079,0.06434872455970546,0,0,0,0,0,0,0,0,0,0,0,0,0,0,0,1,0,0,0,0,0
-1.217452805616831,-1.4055917090455665,-1.6951599248560147,-0.9127600516957498,0,1971.0,0,1,0.0,-0.5329002729063635,0.6726467586689084,-0.0627781142408998,223733.06158696968,-0.6154707552823885,0,0,1,0,0,0,0,1,0,0,0,0,0,0,0,1,0,0,0,0,0
0.5101186851061882,1.7781765835780143,2.0469347742702855,-0.9127600516957498,0,2014.0,1,0,2.0,0.1107605180006876,18.000812254452526,1.391581532339947,1581197.8536393289,-0.5840501392306675,0,0,0,1,0,0,1,0,0,0,1,0,1,0,0,0,0,0,0,1,0
1.2492193521785198,0.186292437266224,0.17588742470713542,-0.9127600516957498,0,1998.0,0,0,1.0,-0.40739633279676424,-0.2234118781539529,-0.0627781142408998,1207515.3937456205,1.0838227800927982,0,0,0,0,0,0,1,0,1,0,0,0,0,1,0,0,0,0,0,0,1
0.27587887627115704,0.7169204860368208,0.17588742470713542,0.6791301262930736,1,1960.0,1,1,0.0,0.4714376469097338,-0.30280921923462384,1.0279916206947353,1499320.1154547632,-0.30110103661240084,1,0,0,0,1,0,0,0,0,0,1,0,1,0,0,1,0,0,0,0,0
0.1855574488807081,0.186292437266224,0.17588742470713542,2.668992848779103,1,1939.0,0,0,0.0,-0.5383108222735895,-0.1074719439299538,-1.5171377608217465,1161866.5460301635,-0.02556992800336365,0,0,0,0,1,0,0,0,0,0,0,0,0,1,0,0,1,0,0,0,0
-1.0609853378766936,-1.4055917090455665,-1.6951599248560147,-0.5147875071985439,0,1954.0,0,1,0.0,1.27666417440204,-0.18112445085133996,-1.5171377608217465,228951.5145265469,0.037307603054955146,0,0,0,0,0,0,0,1,1,0,0,0,1,0,0,0,0,0,0,1,0
-0.5663394080819758,-0.8749636602749696,-1.0714774750016314,-0.5147875071985439,0,1893.0,1,0,0.0,-0.08942770992914387,0.08122975839244212,-1.5171377608217465,554984.3145960154,0.1604569170009524,0,0,1,0,0,0,0,0,1,0,0,0,0,1,0,0,0,1,0,0,0
-1.1958131554639297,-1.4055917090455665,-1.6951599248560147,-0.5147875071985439,0,1970.0,0,0,1.0,-0.45850703869952814,-0.06434790570847038,-1.1535478491765347,207875.93140916512,-0.5251906765808793,0,0,1,0,0,0,0,1,0,0,0,0,0,0,0,0,0,1,0,0,0
0.10084243948287488,0.7169204860368208,0.7995698745615187,-0.9127600516957498,0,1934.0,0,0,0.0,-0.7861438455975112,-0.1074719439299538,0.30081179740431185,701804.3182523452,-0.44715056308091494,0,0,1,0,0,0,1,0,0,0,1,0,0,0,0,0,0,0,0,0,1
3.591223575113974,0.7169204860368208,1.423252324415902,-0.11681496270133813,0,1873.0,0,0,0.0,-0.9915095887318189,-0.27609020524310474,1.391581532339947,4463916.539282528,2.465205980546369,0,0,1,0,1,0,0,0,0,0,1,0,1,0,0,0,0,0,1,0,0
-0.23648333563400392,0.186292437266224,0.7995698745615187,-0.11681496270133813,0,1892.0,0,1,0.0,-0.6224527306491197,-0.39545371040542204,-0.42636802588611145,990458.0919980252,-0.4657558248641564,0,1,0,0,0,0,0,0,1,0,0,0,0,1,0,0,0,1,0,0,0
-0.8683624861676894,-1.4055917090455665,-1.6951599248560147,-0.11681496270133813,0,1874.0,0,0,0.0,0.77491586896359,-0.1074719439299538,-1.1535478491765347,479279.3553222513,0.8409253181808336,0,1,0,0,0,0,0,1,0,0,0,0,1,0,0,0,0,1,0,0,0
0.4298697822409421,0.186292437266224,0.17588742470713542,-0.5147875071985439,0,1996.0,0,0,0.0,-0.5989594601372994,-0.170048674341957,0.6644017090495236,1279388.5230373286,0.22924630663610804,0,0,1,0,1,0,0,0,0,0,0,0,0,0,0,0,0,1,0,0,0
-0.3398762837677607,-0.3443356115043728,-0.44779502514724795,0.2811575817958677,1,2000.0,0,1,0.0,-1.3152438818213708,0.6810093224087828,0.6644017090495236,1011310.3714285616,-0.1714439619036773,0,0,0,1,0,0,0,0,1,0,0,0,0,1,0,0,1,0,0,0,0
1.443425562585377,0.186292437266224,0.17588742470713542,-0.9127600516957498,0,1906.0,0,0,0.0,3.750038938743489,-0.0846547118887221,-0.0627781142408998,1305494.305010028,1.2863786420865062,0,0,0,1,0,0,1,0,1,0,0,0,1,0,0,0,0,1,0,0,0
0.005175863571861243,0.7169204860368208,0.7995698745615187,1.0771026707902793,1,1987.0,0,0,0.0,-0.6792619480253825,-0.1619107385463326,-0.0627781142408998,930981.1147990944,-0.5269742750293469,1,0,0,0,1,0,0,0,1,0,0,0,0,0,0,0,0,0,1,0,0
0.7221841187500165,0.7169204860368208,0.17588742470713542,-0.9127600516957498,0,1938.0,1,0,0.0,-0.4808766172312567,-0.1074719439299538,-1.1535478491765347,1310218.0197642378,0.07129382311212337,0,0,1,0,0,0,1,0,0,0,0,0,0,1,0,0,0,0,1,0,0
-0.10419466331278207,1.2475485348074176,0.7995698745615187,-0.9127600516957498,0,1966.0,0,0,1.0,-0.8652195365610997,-0.1074719439299538,-0.0627781142408998,887240.6894445627,-0.8118677800426497,1,0,0,0,0,0,0,0,1,0,0,0,0,1,0,0,1,0,0,0,0
-0.7625882760174808,-0.8749636602749696,-1.6951599248560147,0.2811575817958677,1,2022.0,0,0,0.0,-0.36198233895033133,0.40126603306835573,-0.0627781142408998,410332.3910160501,-0.2489157650228352,1,0,0,0,0,0,0,0,0,0,0,0,0,0,1,0,0,0,1,0,0
-0.6362952975953519,-0.3443356115043728,0.17588742470713542,2.271020304281897,1,1966.0,0,0,1.0,-0.45603438724005474,0.2731059790436119,-1.5171377608217465,695737.0304857278,-0.5836615302391583,0,0,0,1,0,0,0,0,0,0,0,0,1,0,0,0,0,1,0,0,0
-1.091964577974444,-1.4055917090455665,-1.6951599248560147,0.2811575817958677,1,2014.0,1,0,0.0,-0.06500350153914564,-0.08069606125540925,1.7551714439851585,221674.54770117588,-0.09193701108511437,1,0,0,0,0,0,0,1,1,0,0,0,0,0,1,0,0,0,1,0,0
1.4517109450917938,0.186292437266224,0.17588742470713542,1.4750752152874853,1,1966.0,0,0,0.0,0.25666173297994027,0.2806614012820553,-0.42636802588611145,1828110.419505354,1.2950202441857335,1,0,0,0,1,0,0,0,0,0,0,0,0,0,0,0,0,0,0,0,1
0.8059727978761462,1.7781765835780143,1.423252324415902,-0.9127600516957498,0,2004.0,1,0,0.0,0.07062730040834816,-0.0862857962834011,-1.5171377608217465,1997840.9441726003,-0.4077221460969569,0,0,0,1,0,0,1,0,0,0,1,0,1,0,0,0,1,0,0,0,0
-0.009018470442037598,1.2475485348074176,1.423252324415902,-0.9127600516957498,0,1954.0,1,0,2.0,0.042479755216354345,-0.3083859055446216,-0.7899579375313232,1323042.2732880868,-0.7456889977135468,0,1,0,0,0,1,0,0,1,0,0,0,1,0,0,0,0,1,0,0,0
-0.9277007497771633,-1.4055917090455665,-1.6951599248560147,1.4750752152874853,1,2009.0,1,0,0.0,-0.9744324654767867,-0.1074719439299538,-1.5171377608217465,529816.15056716,0.5933675679019587,0,0,0,0,0,0,0,1,0,0,1,0,0,1,0,1,0,0,0,0,0
-0.7399973008560431,-0.3443356115043728,-1.0714774750016314,-0.11681496270133813,0,1941.0,1,0,0.0,0.04280728400176067,-0.24890310184418674,-0.0627781142408998,529354.4105752561,-0.7278755840667038,0,0,0,0,0,0,0,0,0,0,0,0,0,0,1,0,0,1,0,0,0
0.00890859684982127,0.7169204860368208,0.7995698745615187,0.2811575817958677,1,1938.0,0,0,1.0,-0.6496153279014474,-0.302851201854932,0.6644017090495236,1331826.7941877595,-0.5238597010715901,0,0,0,1,0,1,0,0,1,0,0,0,0,0,0,0,0,0,0,0,1
1.631862080893164,0.7169204860368208,0.7995698745615187,-0.9127600516957498,0,1966.0,1,0,0.0,-0.13852768956573605,0.04281110284502912,1.0279916206947353,1624333.549509857,0.8303245600697663,0,1,0,0,0,0,1,0,0,0,0,1,0,1,0,0,0,1,0,0,0
1.6855908482808502,0.7169204860368208,0.7995698745615187,0.2811575817958677,0,2020.0,0,0,1.0,-1.4961986025850602,-0.1074719439299538,1.0279916206947353,3034852.677301358,0.8751555745641943,1,0,0,0,0,1,0,0,0,0,1,0,0,1,0,0,0,0,1,0,0
-0.11175283455264931,0.186292437266224,0.17588742470713542,-0.5147875071985439,0,2001.0,0,0,0.0,-1.2688012227984868,-0.08653515584250221,-1.1535478491765347,983889.5348961158,-0.33566269287568096,0,0,1,0,0,0,0,0,0,0,1,0,0,1,0,1,0,0,0,0,0
-0.16923602481486888,0.186292437266224,0.17588742470713542,-0.11681496270133813,0,1937.0,1,0,0.0,0.7828301273999465,-0.16840245986135818,-0.42636802588611145,788929.9521221148,-0.39561730055439137,1,0,0,0,0,0,0,0,1,0,0,0,1,0,0,0,0,1,0,0,0
-0.9908152821499145,-1.4055917090455665,-1.0714774750016314,-0.5147875071985439,0,1954.0,1,0,0.0,0.13190607507271715,-0.1074719439299538,-0.42636802588611145,351051.828357842,0.3300553188794415,1,0,0,0,0,0,0,1,1,0,0,0,0,0,0,1,0,0,0,0,0
-0.333631211549314,-0.3443356115043728,0.17588742470713542,0.6791301262930736,0,1968.0,0,0,0.0,0.44990820928178465,0.13952521250184388,-0.0627781142408998,793266.1067428637,-0.162759200252507,0,0,0,1,0,0,0,0,1,0,0,0,0,1,0,0,0,1,0,0,0
-0.792305877570461,-0.3443356115043728,-0.44779502514724795,1.0771026707902793,1,1905.0,0,1,1.0,0.5428690969176454,0.11179247277340404,-0.0627781142408998,752035.5274586529,-0.8006189415790157,0,0,1,0,0,0,0,0,0,1,0,0,1,0,0,0,0,1,0,0,0
-0.3031037394943649,0.186292437266224,0.17588742470713542,3.066965393276309,1,1980.0,0,0,0.0,-0.8915760310052222,-0.1419171850343041,-1.1535478491765347,910710.7669691024,-0.5352404891394854,0,0,0,0,0,0,0,0,0,0,1,0,0,1,0,0,0,0,1,0,0
-0.13716705041677635,0.186292437266224,0.17588742470713542,0.2811575817958677,0,1862.0,0,0,1.0,0.9115003653310845,-0.04662146537194767,0.30081179740431185,940627.6174632352,-0.3621695609643374,0,0,1,0,0,0,0,0,0,0,0,0,0,1,0,0,0,1,0,0,0
-1.0876306833119047,-1.4055917090455665,-1.6951599248560147,0.6791301262930736,1,1966.0,0,0,0.0,-0.14698543496067162,0.251325530353411,1.7551714439851585,272715.2241938203,-0.07385611104960191,0,0,0,0,0,0,0,1,0,0,0,0,1,0,0,0,0,1,0,0,0
0.2801027247925818,0.186292437266224,0.17588742470713542,-0.9127600516957498,0,1966.0,0,1,0.0,-0.1551647726755142,-0.10613573777927439,0.30081179740431185,1626993.577694661,0.07304020305085082,0,0,1,0,0,0,0,0,0,0,1,0,0,0,1,0,0,1,0,0,0
-1.0897807632309866,-1.4055917090455665,-1.6951599248560147,-0.9127600516957498,0,1949.0,0,0,1.0,-1.2920842284326797,-0.421690263158816,1.0279916206947353,69039.94144137758,-0.08282619064597686,0,0,0,0,0,0,0,1,0,0,1,0,0,0,0,0,0,1,0,0,0
0.4281138277037517,0.186292437266224,0.17588742470713542,-0.9127600516957498,0,1901.0,0,1,0.0,-0.8041798323014043,-0.2693666515532057,1.7551714439851585,1500247.327823778,0.22741485704365053,0,1,0,0,0,0,1,0,0,0,0,0,0,0,0,0,0,1,0,0,0
0.7384469984439147,0.186292437266224,0.17588742470713542,-0.9127600516957498,0,1932.0,0,0,0.0,-0.3090406096279578,-0.23610555344842693,1.391581532339947,1280944.53461015,0.5510904118718125,0,1,0,0,0,0,1,0,1,0,0,0,1,0,0,0,0,1,0,0,0
0.06556048750849003,0.186292437266224,0.17588742470713542,-0.9127600516957498,0,1958.0,0,0,0.0,0.13276368616427853,0.15091130821589396,-0.0627781142408998,941004.2919965727,-0.15072600770058167,0,0,0,1,0,0,0,0,0,0,0,0,0,0,0,0,0,0,0,0,1
-0.9071789762931597,-1.4055917090455665,-1.6951599248560147,-0.5147875071985439,0,1902.0,0,0,1.0,-0.9096585257826268,-0.09543307681348408,-1.5171377608217465,463509.4879990948,0.6789838931262353,0,0,1,0,0,0,0,1,0,0,1,0,0,1,0,0,1,0,0,0,0
-0.12767629828676258,0.186292437266224,0.17588742470713542,0.2811575817958677,1,1961.0,0,0,0.0,0.19033015347605534,0.1357134182351836,-1.1535478491765347,836808.1931158394,-0.3522707658916352,0,0,0,0,1,0,0,0,0,0,0,0,0,0,0,0,0,0,0,0,1
-0.5397652213467748,-0.3443356115043728,0.17588742470713542,-0.9127600516957498,0,1969.0,0,0,1.0,-0.4628442769546772,0.3025952980927235,-0.0627781142408998,579932.8332709195,-0.4494211763947478,1,0,0,0,0,0,0,0,1,0,0,0,0,0,0,0,1,0,0,0,0
0.6454253506863705,0.7169204860368208,0.17588742470713542,-0.9127600516957498,0,1947.0,1,1,1.0,-0.8069519708446751,-0.13005372549945377,-0.7899579375313232,1930054.551325368,0.007246691362281101,0,1,0,0,0,0,1,0,0,0,0,0,0,0,0,0,0,0,1,0,0
-0.3828787729362737,-0.3443356115043728,0.17588742470713542,-0.9127600516957498,0,1990.0,1,0,0.0,2.1054488710107178,-0.26988535685008574,-1.5171377608217465,547956.9524457154,-0.23124573132636234,1,0,0,0,0,1,0,0,0,0,0,1,0,1,0,1,0,0,0,0,0
-0.30546803190469013,0.186292437266224,0.7995698745615187,1.0771026707902793,0,2000.0,0,0,0.0,-0.7135129339476531,-0.289986778233438,-0.0627781142408998,874287.8498063697,-0.5377064313262739,0,0,0,1,0,0,0,0,1,0,0,0,0,1,0,0,0,1,0,0,0
0.10453379741337997,0.7169204860368208,0.17588742470713542,-0.9127600516957498,0,1913.0,1,0,0.0,-1.0210626021857436,-0.1747110112741939,-0.0627781142408998,798106.5572626179,-0.4440705125059129,0,0,1,0,0,0,1,0,1,0,0,0,0,1,0,0,0,1,0,0,0
-0.5738483839639643,-0.8749636602749696,-1.0714774750016314,-0.11681496270133813,0,1932.0,0,0,1.0,-0.04932038084667824,-0.32207311655990795,-0.0627781142408998,1058052.0102880786,0.1447932873026053,0,0,0,1,0,0,0,0,0,0,1,0,1,0,0,0,0,0,0,0,0
1.0721374115061062,1.2475485348074176,1.423252324415902,-0.9127600516957498,0,1955.0,1,0,2.0,-1.201936188062627,-0.1074719439299538,0.30081179740431185,1875090.9489965255,0.0060702145134493585,0,0,1,0,0,0,1,0,0,0,1,0,1,0,0,0,0,1,0,0,0
-0.7634311843011955,-0.3443356115043728,-1.0714774750016314,-0.9127600516957498,0,1998.0,1,0,1.0,-0.1256906955233371,0.5908123213036829,-0.42636802588611145,510646.7378528122,-0.7604641090930921,1,0,0,0,0,0,0,0,0,0,0,0,0,1,0,0,1,0,0,0,0
-0.5791174090661882,-0.3443356115043728,-0.44779502514724795,-0.11681496270133813,0,2010.0,1,0,0.0,-0.3284948392078874,-0.1042868356106351,-0.0627781142408998,615938.3324142232,-0.5041466237299622,0,1,0,0,0,0,0,0,0,0,0,0,1,0,0,0,0,1,0,0,0
-0.39511071934289216,-0.3443356115043728,-0.44779502514724795,0.2811575817958677,1,1880.0,0,0,0.0,2.2677008932705265,-0.3844075735255966,-1.5171377608217465,588783.7748817289,-0.2482561893892143,0,0,1,0,0,0,0,0,0,0,1,0,0,1,0,0,0,0,1,0,0
-0.2660702265030707,-0.3443356115043728,0.17588742470713542,-0.5147875071985439,0,1972.0,0,0,2.0,-0.9533671124987432,-0.21367807755392268,1.0279916206947353,924918.4715831608,-0.0688049541652073,0,0,1,0,1,0,0,0,0,0,0,0,0,1,0,0,0,0,1,0,0
-0.5035048834791243,-0.3443356115043728,-0.44779502514724795,1.0771026707902793,1,1966.0,0,0,0.0,0.11101853874997308,-0.3063995249511046,0.6644017090495236,944354.7932606188,-0.39899543578581464,0,0,0,1,0,0,0,0,0,0,0,0,0,1,0,0,0,1,0,0,0
0.17918399838894425,0.7169204860368208,0.7995698745615187,-0.11681496270133813,0,1995.0,0,1,2.0,0.24805600733181554,-0.35575969146908554,1.7551714439851585,1097891.342497711,-0.38178275857700955,0,0,1,0,1,0,0,0,1,0,0,0,0,0,1,0,0,0,0,0,1
-0.8574297793107666,-0.8749636602749696,-1.0714774750016314,-0.11681496270133813,0,1954.0,0,1,0.0,-0.557471510854533,0.21496569876820112,0.30081179740431185,530903.2763008813,-0.4467539537409471,0,0,1,0,0,0,0,0,0,0,0,0,1,0,0,0,0,1,0,0,0
0.08214377436538581,0.186292437266224,0.17588742470713542,1.8730477597846913,1,1983.0,0,0,0.0,-1.2439842705073356,0.29506998535871054,-0.0627781142408998,937001.2468616064,-0.13342974329713986,0,0,1,0,0,0,0,0,1,0,0,0,0,0,0,0,0,1,0,0,0
9.445154674296893,0.186292437266224,0.17588742470713542,-0.9127600516957498,0,1907.0,0,1,1.0,0.45978853603296604,0.13281349877234952,0.6644017090495236,691441.5407075973,9.632132025911583,0,0,0,0,0,0,0,0,1,0,0,0,1,0,0,0,0,1,0,0,0
-1.1324045144801171,-1.4055917090455665,-1.6951599248560147,1.8730477597846913,1,1870.0,0,0,1.0,0.57833138387423,-0.1074719439299538,1.0279916206947353,211572.43701764173,-0.26065141379585793,1,0,0,0,0,0,0,1,1,0,0,0,0,0,0,0,0,1,0,0,0
-0.4893118761172919,0.186292437266224,0.17588742470713542,0.6791301262930736,0,1860.0,0,0,1.0,0.6313980197660481,-0.07330542560604121,-0.7899579375313232,945180.7894047354,-0.7294544102333669,0,0,0,1,0,0,0,0,0,1,0,0,1,0,0,0,0,1,0,0,0
1.100140577204678,1.2475485348074176,0.7995698745615187,-0.9127600516957498,0,1992.0,0,0,0.0,0.7780592989331576,-0.24060710558615314,-0.42636802588611145,1502224.0806756858,0.025541632221955168,0,0,0,1,0,0,1,0,0,0,0,0,1,0,0,0,0,0,0,1,0
1.2593467185100176,1.2475485348074176,0.17588742470713542,-0.9127600516957498,0,1966.0,1,0,0.0,2.6822385089476395,-0.08656969656316454,0.30081179740431185,1613358.6593745942,0.1362423048703259,0,1,0,0,0,0,1,0,0,0,1,0,0,1,0,1,0,0,0,0,0
0.694421469309309,0.186292437266224,0.17588742470713542,-0.9127600516957498,0,2013.0,1,0,1.0,0.9036299979888358,0.20188055939361582,0.6644017090495236,1403591.1036381198,0.5051720605229708,1,0,0,0,0,0,1,0,0,1,0,0,0,1,0,0,0,0,1,0,0
-0.45003343071583124,-0.3443356115043728,-1.0714774750016314,-0.11681496270133813,0,1944.0,0,0,1.0,-1.1086644463938584,-0.1074719439299538,-0.0627781142408998,787940.6886107172,-0.32463491501884867,1,0,0,0,0,0,0,0,0,0,0,0,0,1,0,0,0,0,1,0,0
-0.7291001381733128,-0.8749636602749696,-1.0714774750016314,0.6791301262930736,1,1962.0,0,0,0.0,-0.5822043923715684,0.14496992248595336,1.0279916206947353,658780.750842903,-0.1790599286581905,0,0,0,0,0,0,0,0,0,0,1,0,0,0,0,1,0,0,0,0,0
-0.2695965672026919,-0.3443356115043728,0.17588742470713542,-0.9127600516957498,0,1955.0,1,0,0.0,-0.23104908267540822,-0.23182176172535182,1.391581532339947,977926.3943008134,-0.07370888920483253,0,0,1,0,0,1,0,0,0,0,0,0,1,0,0,0,0,0,1,0,0
-0.4671134389181172,0.186292437266224,0.17588742470713542,1.0771026707902793,1,2003.0,0,1,1.0,1.6314438280202839,-0.1074719439299538,0.30081179740431185,1090629.3641375042,-0.7063015791659559,0,1,0,0,0,0,0,0,0,0,1,0,1,0,0,0,0,0,0,0,0
-1.1828685403101145,-1.4055917090455665,-1.6951599248560147,-0.11681496270133813,0,1982.0,0,1,1.0,-0.7901526220147547,-0.02824965959083514,1.391581532339947,237236.47693960316,-0.47118606622027676,1,0,0,0,0,0,0,1,1,0,0,0,0,1,0,0,0,1,0,0,0
-0.8944419541490981,-0.3443356115043728,-0.44779502514724795,0.6791301262930736,0,1994.0,1,0,0.0,0.31061261513626964,-0.17810032961515795,1.391581532339947,351204.93255792256,-0.9426553264347473,0,0,0,0,0,0,0,0,1,0,0,0,1,0,0,0,0,0,1,0,0
-0.5935697274392565,-0.3443356115043728,-1.0714774750016314,-0.11681496270133813,0,1955.0,1,1,0.0,-0.6500455305055889,-0.025635178713252698,1.0279916206947353,984958.2287792054,-0.5242448605455718,0,0,0,1,0,0,0,0,0,0,0,0,0,1,0,0,1,0,0,0,0
1.1366039614359895,1.2475485348074176,0.7995698745615187,-0.9127600516957498,0,1860.0,1,1,0.0,-0.17657477607606822,-0.1901153784425218,-1.5171377608217465,1950422.0177029115,0.05089568658409575,1,0,0,0,0,0,1,0,0,0,1,0,0,1,0,0,0,0,0,0,0
0.062492203097491095,0.7169204860368208,0.7995698745615187,0.6791301262930736,1,1999.0,0,0,1.0,-0.8887438214182102,-0.008142655281279757,1.7551714439851585,1272135.966925043,-0.47914980830558607,0,0,0,0,0,1,0,0,0,0,0,0,1,0,0,0,0,1,0,0,0
-1.1307567609523177,-1.4055917090455665,-1.6951599248560147,-0.9127600516957498,0,1980.0,1,0,1.0,0.14452450208374013,-0.3221448149990227,-1.1535478491765347,178762.43459246322,-0.2537770273284547,0,0,1,0,0,0,0,1,0,0,0,1,0,1,0,0,0,1,0,0,0
1.053748114787031,0.186292437266224,0.17588742470713542,-0.9127600516957498,0,1966.0,0,0,0.0,0.09528255747116693,0.8631169356308537,-0.7899579375313232,1254739.6545090082,0.879947502871428,0,0,1,0,0,0,1,0,1,0,0,0,0,1,0,0,0,1,0,0,0
-0.9386252910528292,-1.4055917090455665,-1.0714774750016314,-0.5147875071985439,0,1983.0,1,1,0.0,-0.1678209512770073,-0.09159627714279935,-0.42636802588611145,434492.1292790439,0.5477906551895894,1,0,0,0,0,0,0,1,0,0,1,0,1,0,0,0,0,1,0,0,0
0.5146808040511645,0.7169204860368208,1.423252324415902,-0.9127600516957498,0,1944.0,1,1,2.0,1.2270247362035571,0.1619901774526863,-0.0627781142408998,1224897.7005506689,-0.10184590372698739,1,0,0,0,0,0,1,0,0,0,1,0,1,0,0,0,0,1,0,0,0
0.7052390937277327,0.7169204860368208,0.7995698745615187,1.8730477597846913,1,1905.0,0,0,0.0,2.677957164137452,-0.09603474384286118,-0.0627781142408998,1643487.8915969264,0.05715497907535214,0,0,0,1,0,1,0,0,0,0,0,0,0,0,0,0,0,0,1,0,0
-0.6380210582052419,-0.3443356115043728,0.17588742470713542,-0.11681496270133813,0,1960.0,0,0,1.0,-0.3293268692574078,-0.2700751527837021,1.7551714439851585,746422.5216980431,-0.5860614735928318,0,0,0,0,0,0,0,0,0,0,1,0,0,1,0,0,0,1,0,0,0
0.0645315235601636,0.186292437266224,0.17588742470713542,-0.9127600516957498,0,1964.0,0,1,1.0,0.9494353676148831,-0.032957838965969134,-1.1535478491765347,1415542.613453264,-0.15179921065880358,1,0,0,0,0,0,0,0,0,0,1,0,1,0,0,1,0,0,0,0,0
-0.6010637628971403,-0.3443356115043728,-0.44779502514724795,0.2811575817958677,1,1938.0,1,1,0.0,-0.7447401489520421,0.05180947114255754,0.6644017090495236,623698.8613925906,-0.5346665033193564,0,1,0,0,0,0,0,0,0,0,0,1,1,0,0,1,0,0,0,0,0
-0.8917346248375961,-0.3443356115043728,-0.44779502514724795,-0.11681496270133813,0,1925.0,0,0,0.0,0.6075951832406038,-0.1074719439299538,-1.5171377608217465,350209.4777082906,-0.9388903563977046,0,0,0,0,0,0,0,0,0,0,0,0,0,1,0,0,0,0,0,1,0
-0.6692424992416921,-0.8749636602749696,-1.6951599248560147,-0.5147875071985439,0,1943.0,1,0,0.0,3.5896238830394225,-0.09727417865046299,1.7551714439851585,250796.92444113485,-0.054197643097888416,0,0,1,0,0,0,0,0,0,0,0,1,1,0,0,0,0,1,0,0,0
-0.4003298570670521,0.186292437266224,0.17588742470713542,1.4750752152874853,1,1954.0,0,0,2.0,-0.5364141200193099,0.4702722244410438,-0.42636802588611145,794224.2682463992,-0.6366467212675898,0,0,1,0,0,0,0,0,0,0,0,0,1,0,0,0,0,0,0,0,1
-0.1154184133219532,1.2475485348074176,1.423252324415902,1.8730477597846913,1,2010.0,1,0,1.0,-0.6860090023632813,-0.07699766671683896,-0.7899579375313232,1719932.3809537098,-0.8196719807189884,0,0,0,1,0,1,0,0,0,0,0,0,0,1,0,0,0,0,1,0,0
-1.0021230079934234,-1.4055917090455665,-1.6951599248560147,-0.9127600516957498,0,1990.0,0,0,0.0,-0.4507014965031806,-0.1074719439299538,-0.7899579375313232,457092.15613746655,0.28287976974284057,0,1,0,0,0,0,0,1,0,0,0,0,0,1,0,0,1,0,0,0,0
-0.5476323391110942,-0.8749636602749696,-1.0714774750016314,-0.5147875071985439,0,1944.0,1,0,1.0,-0.9513777331834826,-0.2785240188369057,-0.0627781142408998,753836.7538848044,0.19947962871376884,1,0,0,0,0,0,0,0,0,0,0,0,0,1,0,0,1,0,0,0,0
-0.1773303862469474,0.186292437266224,0.17588742470713542,0.2811575817958677,1,1930.0,1,1,2.0,-0.4499942705371049,-0.3137679830114446,1.0279916206947353,1086355.4563687963,-0.4040596688686098,0,0,1,0,0,0,0,0,0,0,0,0,0,0,1,0,0,1,0,0,0
-1.1070925587812648,-1.4055917090455665,-1.6951599248560147,-0.9127600516957498,0,1976.0,1,0,0.0,-0.8074845583909609,-0.30783409037915577,-0.7899579375313232,247642.7198558893,-0.15505056829073266,1,0,0,0,0,0,0,1,0,0,0,0,0,0,1,0,0,0,0,0,1
1.4856187672219776,0.186292437266224,0.17588742470713542,0.2811575817958677,1,1964.0,0,1,0.0,0.5514645291925193,0.3401342604443507,0.6644017090495236,3264506.9005504907,1.3303858904517305,0,0,0,1,0,1,0,0,0,0,0,0,1,0,0,0,0,1,0,0,0
-0.5695899357131408,-0.8749636602749696,-1.0714774750016314,-0.11681496270133813,0,1966.0,0,0,1.0,0.21384194238903284,0.44211890865808606,1.0279916206947353,518836.8392202322,0.1536763570499024,1,0,0,0,0,0,0,0,0,0,0,0,0,0,0,0,0,0,1,0,0
0.11015112880404952,0.186292437266224,0.7995698745615187,-0.11681496270133813,0,2007.0,0,0,0.0,-0.3426546218144167,-0.2381153518960692,1.0279916206947353,1305393.4303385513,-0.10421824790468086,0,0,1,0,0,0,0,0,0,1,0,0,0,1,0,0,0,0,1,0,0
0.6397203290608957,0.186292437266224,0.17588742470713542,-0.9127600516957498,0,1856.0,1,1,0.0,-1.2130898225094489,-0.27597762855083163,0.6644017090495236,1553261.547889698,0.44811911359689843,0,1,0,0,0,0,1,0,1,0,0,0,1,0,0,0,0,1,0,0,0
-0.42040350658577486,0.186292437266224,0.17588742470713542,-0.11681496270133813,0,1966.0,1,0,1.0,1.0930296593281,-0.20187194524891633,1.7551714439851585,774980.8669929182,-0.6575834120825036,0,0,0,1,0,0,0,0,1,0,0,0,0,1,0,0,0,0,1,0,0
2.143483557752777,0.186292437266224,0.17588742470713542,-0.9127600516957498,0,1987.0,0,1,1.0,-1.5423108465340318,-0.1074719439299538,-0.7899579375313232,1864949.7816618409,2.016534749657168,0,0,0,0,0,0,1,0,1,0,0,0,1,0,0,0,0,0,0,1,0
-0.3588837188844998,-0.3443356115043728,-0.44779502514724795,1.8730477597846913,1,1966.0,0,0,1.0,-0.7061947889445324,-0.1074719439299538,-0.7899579375313232,851282.1905164106,-0.19787680972589516,0,0,1,0,0,0,0,0,0,0,1,0,1,0,0,0,0,0,1,0,0
0.6557562298856145,0.186292437266224,-0.44779502514724795,-0.9127600516957498,0,1901.0,1,0,1.0,-0.8930160044650056,-0.14451403887650663,-1.1535478491765347,206117.42397959536,0.46484445779465455,0,0,0,0,0,0,1,0,1,0,0,0,0,1,0,0,0,1,0,0,0
0.22320785387350062,1.7781765835780143,2.0469347742702855,-0.9127600516957498,0,2003.0,0,0,2.0,-0.5023512054491062,-0.028990052381718954,-0.0627781142408998,854522.0560915971,-0.7550479685524498,1,0,0,0,0,0,1,0,1,0,0,0,1,0,0,0,0,0,1,0,0
-0.7280511533105686,-0.3443356115043728,-0.44779502514724795,1.0771026707902793,1,1973.0,1,0,0.0,0.7776594512672265,-0.2619955961944402,1.391581532339947,520676.8088672624,-0.7112625745684785,0,0,1,0,0,0,0,0,0,0,0,0,1,0,0,0,0,1,0,0,0
0.4447955858167195,0.186292437266224,0.7995698745615187,0.6791301262930736,0,1965.0,0,0,0.0,-1.1143485171749987,0.08923287880320384,1.7551714439851585,1138901.8238398435,0.24481382635088242,0,1,0,0,1,0,0,0,0,0,0,1,0,0,0,1,0,0,0,0,0
2.9150524600328374,-0.3443356115043728,0.17588742470713542,0.6791301262930736,0,1949.0,0,0,1.0,0.2315686701080222,-0.07803941276942754,-0.7899579375313232,3870661.985728276,4.355049782708642,0,1,0,0,0,0,0,0,1,0,0,0,0,0,0,0,0,1,0,0,0
-0.5652883577915642,-0.3443356115043728,0.17588742470713542,2.668992848779103,1,1889.0,1,0,1.0,1.244283160187372,-0.3708386767285455,-0.0627781142408998,646171.3220247347,-0.4849151384915425,0,1,0,0,0,0,0,0,1,0,0,0,0,1,0,0,0,1,0,0,0
0.7518187148531968,1.2475485348074176,0.7995698745615187,-0.9127600516957498,0,1966.0,0,1,1.0,-0.6910075501816069,0.14428432310120648,1.391581532339947,1457860.3589820438,-0.21665671605965658,1,0,0,0,0,0,1,0,0,0,1,0,0,1,0,0,0,0,0,1,0
-0.7082224958772901,-0.3443356115043728,-1.0714774750016314,-0.9127600516957498,0,1987.0,0,0,0.0,-0.5146581741047398,-0.2713697914029343,-1.5171377608217465,670477.0067964946,-0.6836876870976718,0,1,0,0,0,0,0,0,0,0,0,0,0,0,0,0,0,1,0,0,0
-0.37159865997354036,-0.3443356115043728,0.17588742470713542,1.0771026707902793,0,1966.0,1,0,0.0,-1.2548707422161058,-0.3240838736286624,0.30081179740431185,1065300.366634054,-0.2155589483632693,1,0,0,0,0,0,0,0,0,0,1,0,0,0,1,0,0,0,0,0,0
-0.7019741149884843,-0.8749636602749696,-1.6951599248560147,1.8730477597846913,1,1928.0,0,0,0.0,0.342929561079431,-0.35108188287591474,1.7551714439851585,639916.3898847956,-0.1224753838369582,0,1,0,0,0,0,0,0,1,0,0,0,0,0,1,0,1,0,0,0,0
-0.4235061421776282,-0.3443356115043728,-1.0714774750016314,0.2811575817958677,1,1966.0,0,0,0.0,-0.19110331574329054,-0.10705691204177202,1.391581532339947,820423.4380846437,-0.28774452045694004,0,0,0,0,0,0,0,0,0,0,1,0,0,1,0,1,0,0,0,0,0
-0.5245108064691716,0.186292437266224,0.17588742470713542,-0.11681496270133813,0,1968.0,1,0,0.0,-0.6716628517669709,0.0857040271866989,0.30081179740431185,1006324.4956241573,-0.7661666742940518,0,0,0,1,0,0,0,0,0,0,1,0,0,0,0,0,1,0,0,0,0
-1.2230325082854658,-1.4055917090455665,-1.6951599248560147,-0.5147875071985439,0,1966.0,1,1,1.0,-0.21430548393017287,-0.2902744496740383,-0.42636802588611145,310676.0139347704,-0.6387491351312344,0,1,0,0,0,0,0,1,0,0,1,0,0,0,1,0,0,1,0,0,0
-1.0568386955981897,-1.4055917090455665,-1.6951599248560147,-0.9127600516957498,0,1969.0,1,0,1.0,1.1605886697728967,-0.21845525646773137,-1.5171377608217465,293311.77035017574,0.05460729083203051,0,0,1,0,0,0,0,1,0,0,0,0,1,0,0,0,0,0,1,0,0
1.6846822793524032,1.7781765835780143,2.0469347742702855,-0.9127600516957498,0,1989.0,0,0,0.0,1.1013719744018908,-0.1074719439299538,-0.0627781142408998,1179923.1490546148,0.11598556229223417,1,0,0,0,0,0,1,0,0,0,0,0,0,1,0,0,0,1,0,0,0
-1.0327229347528744,-1.4055917090455665,-1.6951599248560147,0.6791301262930736,1,2016.0,0,0,0.0,0.6074786885934395,-0.1074719439299538,-1.1535478491765347,278789.1545933666,0.15521764135426047,0,0,1,0,0,0,0,1,0,0,0,0,1,0,0,0,0,0,1,0,0
-0.2534328090947826,0.186292437266224,0.17588742470713542,-0.5147875071985439,0,1971.0,1,1,2.0,0.7048360561352656,0.35273094293946416,-1.5171377608217465,1043543.9654780834,-0.4834340196036295,0,0,0,0,0,0,0,0,1,0,0,0,0,1,0,1,0,0,0,0,0
-0.5952947797902898,-0.3443356115043728,0.17588742470713542,1.0771026707902793,0,1969.0,1,0,1.0,-0.9371942203298177,-0.2040247860082033,-0.0627781142408998,723562.2020457486,-0.5266438189531721,0,1,0,0,0,0,0,0,1,0,0,0,0,1,0,0,0,1,0,0,0
0.8564384652375596,1.2475485348074176,1.423252324415902,-0.9127600516957498,0,1973.0,0,0,0.0,-0.6201011695495312,0.036888175142663474,1.391581532339947,1407161.331120363,-0.1439115528084374,0,1,0,0,0,0,1,0,0,0,0,0,0,0,0,0,0,1,0,0,0
-0.3269646765787802,0.186292437266224,0.17588742470713542,-0.9127600516957498,0,1966.0,0,1,1.0,-0.4714331727990593,-0.13662414269117695,-0.42636802588611145,1213485.744712383,-0.5601272971822663,1,0,0,0,0,0,0,0,0,1,0,0,0,1,0,0,0,1,0,0,0
-0.07221602493513071,0.7169204860368208,0.7995698745615187,0.6791301262930736,1,1962.0,0,0,2.0,-0.12234006124913377,0.1389715683159805,0.6644017090495236,1274117.1793622223,-0.5915496793071544,0,1,0,0,0,0,0,0,0,0,0,0,0,1,0,1,0,0,0,0,0
1.1097300463119877,0.186292437266224,0.17588742470713542,-0.9127600516957498,0,1985.0,1,0,2.0,-1.5160699585114334,-0.22911057049524852,1.0279916206947353,2180593.852270792,0.938336307082964,1,0,0,0,0,0,1,0,0,0,1,0,0,1,0,0,0,1,0,0,0
-0.612472294114037,-0.3443356115043728,-0.44779502514724795,0.6791301262930736,0,2005.0,0,0,0.0,0.29722241403097693,0.058588121346260846,-1.5171377608217465,539055.748364979,-0.55053187219628,0,0,0,0,0,0,0,0,0,0,0,0,0,0,0,0,0,1,0,0,0
-0.8708751812789869,-0.8749636602749696,-1.0714774750016314,-0.9127600516957498,0,1919.0,0,0,2.0,0.055223789662773096,-0.26958824796476694,-1.1535478491765347,510496.3297320092,-0.4748008939476399,0,0,0,1,0,0,0,0,1,0,0,0,0,0,0,0,1,0,0,0,0
2.632185006339245,0.7169204860368208,0.7995698745615187,-0.9127600516957498,0,2010.0,0,1,0.0,0.22958943614246757,-0.31320514209757394,-1.1535478491765347,2491302.9197704745,1.6649890005583055,0,0,0,0,0,0,1,0,0,0,1,0,1,0,0,0,1,0,0,0,0
-0.29423402806953103,-0.3443356115043728,-0.44779502514724795,1.0771026707902793,1,1968.0,1,0,0.0,1.7865204603767848,-0.1074719439299538,1.391581532339947,754489.7030493249,-0.10797117918868679,0,0,1,0,0,0,0,0,0,0,0,0,1,0,0,0,0,1,0,0,0
-0.1885540549716141,-0.3443356115043728,-1.0714774750016314,0.2811575817958677,0,1980.0,0,0,0.0,-0.8081911700765555,-0.15215588654747014,-1.5171377608217465,866917.310821927,0.03899355485337571,1,0,0,0,0,0,0,0,1,0,0,0,0,0,1,0,1,0,0,0,0
-0.10190152584954791,0.7169204860368208,1.423252324415902,-0.9127600516957498,0,1972.0,0,0,2.0,0.4083298490328922,0.5166089767400522,-0.0627781142408998,1066160.4694688525,-0.6163191126382007,0,0,0,1,0,0,0,0,0,0,0,0,0,0,0,0,0,0,1,0,0
0.41119538709620757,0.7169204860368208,0.7995698745615187,-0.5147875071985439,0,1964.0,1,0,0.0,-0.5606930522042031,-0.3793132612049394,-0.7899579375313232,1363745.9786361333,-0.18819361749443325,0,0,0,0,0,1,0,0,0,0,0,1,0,1,0,0,0,0,0,0,0
1.468152445877309,0.7169204860368208,0.7995698745615187,-0.9127600516957498,0,1911.0,1,0,1.0,0.9869517943062248,-0.1074719439299538,0.30081179740431185,2000063.715501866,0.6937260602881508,0,1,0,0,0,0,1,0,0,0,0,0,0,0,1,0,0,1,0,0,0
0.3341665035025308,0.7169204860368208,0.7995698745615187,-0.9127600516957498,0,1935.0,0,0,0.0,1.408899610705165,0.00955901194341491,-1.1535478491765347,1105695.5542334602,-0.2524661322900951,0,1,0,0,0,0,1,0,0,0,0,0,0,1,0,1,0,0,0,0,0
-1.1859104585520395,-1.4055917090455665,-0.44779502514724795,0.6791301262930736,1,1930.0,1,0,0.0,2.2662039066392152,0.36878841727645534,-1.1535478491765347,132918.36831457575,-0.48387687297288684,0,0,1,0,0,0,0,1,1,0,0,0,1,0,0,0,0,0,0,0,1
-0.2039751943513856,0.186292437266224,0.17588742470713542,-0.9127600516957498,0,1934.0,0,0,0.0,0.4629915238894601,-0.33389765026757334,-0.42636802588611145,585905.6759805793,-0.4318500369621157,0,0,0,0,1,0,0,0,1,0,0,0,1,0,0,0,0,0,1,0,0
-0.0961660322036352,0.186292437266224,0.17588742470713542,0.2811575817958677,0,2016.0,1,0,1.0,0.5524296108276426,0.4494484011359224,-1.1535478491765347,890285.8364861824,-0.3194057555773533,0,0,0,0,0,0,0,0,1,0,0,0,0,1,0,0,0,1,0,0,0
-0.5590858524042442,-0.3443356115043728,-0.44779502514724795,-0.11681496270133813,0,1966.0,0,0,1.0,-0.6058220845347132,-0.10573754575793498,-0.0627781142408998,761897.6582767528,-0.4762895727583136,1,0,0,0,0,0,0,0,0,1,0,0,0,0,0,0,0,0,0,1,0
0.2923437468286181,0.186292437266224,0.17588742470713542,0.2811575817958677,1,1967.0,0,0,2.0,-0.9321191546166873,-0.1342373341477697,-0.0627781142408998,1752202.9976463036,0.08580751242267176,0,1,0,0,0,0,0,0,0,0,0,0,1,0,0,0,0,0,1,0,0
1.4896013518213551,0.186292437266224,0.17588742470713542,-0.9127600516957498,0,1975.0,0,0,2.0,0.39367547278661413,-0.1074719439299538,1.391581532339947,1432872.6951173386,1.3345397012634432,0,0,0,0,0,0,1,0,1,0,0,0,0,0,0,0,1,0,0,0,0
-0.889272768436142,-0.8749636602749696,-1.0714774750016314,1.0771026707902793,1,1868.0,1,0,0.0,-1.2271885447039426,0.35245411113983993,1.7551714439851585,461556.7802189919,-0.5131780304708736,0,0,0,0,0,0,0,0,0,0,0,0,0,1,0,1,0,0,0,0,0
-0.17740373611790153,-0.3443356115043728,-0.44779502514724795,1.4750752152874853,1,2022.0,1,0,1.0,-1.2222802655046288,0.2436241773904732,0.30081179740431185,857235.9704541134,0.05449983855863099,0,0,0,0,0,0,0,0,1,0,0,0,0,1,0,0,0,1,0,0,0
-1.096147471722115,-1.4055917090455665,0.17588742470713542,-0.9127600516957498,0,1951.0,0,1,2.0,0.51965150814166,-0.09178925004733704,-0.42636802588611145,371534.5196505777,-0.1093879390840196,0,0,0,0,0,0,0,1,0,0,0,0,0,0,0,1,0,0,0,0,0
0.28234352372021637,0.186292437266224,0.17588742470713542,-0.9127600516957498,0,1869.0,0,1,0.0,-0.5291728141528693,-0.30374365764539163,-1.1535478491765347,1030556.1054791872,0.0753773423080904,0,1,0,0,0,0,1,0,1,0,0,0,0,0,0,0,0,0,1,0,0
-0.13066643971281716,-0.3443356115043728,0.17588742470713542,-0.11681496270133813,0,1966.0,1,0,1.0,-0.13906481678137708,-0.20779323638550518,1.7551714439851585,1260637.386095708,0.11949544874537935,0,0,0,0,0,1,0,0,0,0,0,0,0,0,0,0,0,1,0,0,0
-1.2465603161485452,-1.4055917090455665,-1.6951599248560147,0.6791301262930736,1,1966.0,0,0,0.0,2.382683855589539,-0.006711141197250161,-0.42636802588611145,201220.8740232064,-0.7369065605306457,0,0,0,1,0,0,0,1,0,0,1,0,0,1,0,0,1,0,0,0,0
-0.4056340184794247,0.186292437266224,0.17588742470713542,1.8730477597846913,1,1969.0,0,0,0.0,-0.6212101462294017,-0.04256114768763733,-1.1535478491765347,907732.5783764834,-0.6421789284240247,0,1,0,0,0,0,0,0,0,0,0,0,0,1,0,0,0,0,1,0,0
-0.7333866832162126,-0.8749636602749696,-1.0714774750016314,-0.11681496270133813,0,1940.0,1,0,0.0,-0.8779624064058272,-0.33799165860695457,1.391581532339947,549290.4962033893,-0.18800160796206505,0,0,1,0,0,0,0,0,0,0,0,0,1,0,0,0,1,0,0,0,0
-0.526094220302319,0.186292437266224,0.17588742470713542,0.6791301262930736,0,1966.0,1,0,0.0,-0.8762759283362942,-0.1074719439299538,-0.7899579375313232,814298.2258811871,-0.7678181650120572,0,0,0,0,0,0,0,0,0,0,1,0,0,1,0,0,1,0,0,0,0
-0.3504885231785197,0.186292437266224,0.7995698745615187,-0.9127600516957498,0,1934.0,0,0,2.0,0.11893700810562244,-0.16613493795118944,-1.5171377608217465,540495.555515472,-0.5846625219592477,0,0,0,0,0,0,0,0,0,0,0,1,0,0,0,0,1,0,0,0,0
-0.016857320013337333,0.186292437266224,0.7995698745615187,-0.5147875071985439,0,1939.0,0,1,0.0,-0.605604785696967,-0.04630436654324383,-1.5171377608217465,1454615.5297954704,-0.23668726512505484,0,0,1,0,0,1,0,0,0,0,1,0,0,1,0,0,0,1,0,0,0
0.9990224434660612,0.186292437266224,0.7995698745615187,-0.9127600516957498,0,2005.0,1,0,0.0,0.5612767900458409,-0.14550467777791412,-1.1535478491765347,1742361.544878137,0.8228689701902097,0,1,0,0,0,0,1,0,0,0,0,0,0,1,0,0,0,1,0,0,0
-0.09606579805717658,0.186292437266224,0.17588742470713542,-0.5147875071985439,0,1991.0,0,0,0.0,0.6087369138968267,-0.16721300124166916,-0.42636802588611145,1351929.7345642515,-0.31930121198992323,0,1,0,0,0,0,0,0,0,0,1,0,0,1,0,0,0,1,0,0,0
-0.7418562792929062,-1.4055917090455665,-1.6951599248560147,1.0771026707902793,1,1906.0,1,0,0.0,0.09459387735421397,-0.10463984624672225,1.7551714439851585,548560.7839384805,1.36870604625113,1,0,0,0,0,0,0,1,0,0,0,0,0,0,0,0,0,1,0,0,0
-0.49685729508681836,-0.3443356115043728,-0.44779502514724795,0.2811575817958677,1,1962.0,1,0,0.0,-0.49284925483504816,-0.25409697150529315,-0.42636802588611145,634274.5577921246,-0.3897509116677859,0,0,1,0,0,0,0,0,0,0,0,0,0,0,0,0,1,0,0,0,0
-0.6844167807151232,-0.8749636602749696,-1.6951599248560147,0.2811575817958677,0,1934.0,0,0,0.0,0.7402755113031229,-0.334305326994754,0.6644017090495236,462385.1966853718,-0.08585100431169121,0,0,0,0,0,0,0,0,1,0,0,0,1,0,0,1,0,0,0,0,0
-0.08233701571492444,1.2475485348074176,1.423252324415902,-0.9127600516957498,0,2008.0,1,0,0.0,-0.7820350145526246,-0.2449110102266578,-0.7899579375313232,1126701.9694455436,-0.7966695202785791,0,0,0,1,0,0,0,0,1,0,0,0,0,0,1,0,0,1,0,0,0
-0.3798199332261666,0.186292437266224,-0.44779502514724795,0.6791301262930736,0,1906.0,0,1,2.0,0.1863563636503117,-0.4151302616820219,-0.0627781142408998,1273011.6630541398,-0.6152549990651305,0,0,0,1,0,0,0,0,0,0,0,0,0,1,0,0,0,1,0,0,0
-0.6828922530484833,-1.4055917090455665,-1.6951599248560147,-0.11681496270133813,0,1900.0,0,0,0.0,-0.25821313025896847,-0.11114665359287873,0.6644017090495236,641573.5061265142,1.6147024876118325,0,1,0,0,0,0,0,1,0,0,0,0,0,1,0,0,0,0,1,0,0
-1.062875307418857,-1.4055917090455665,-1.0714774750016314,-0.11681496270133813,0,2015.0,0,1,1.0,-0.2939490573433232,0.29232468423336716,1.391581532339947,538220.9667380914,0.029422697439367713,0,0,0,1,0,0,0,1,0,0,1,0,0,0,0,0,1,0,0,0,0
-1.0699792424258248,-1.4055917090455665,-1.6951599248560147,-0.5147875071985439,0,2011.0,0,0,0.0,-1.2367652827488618,0.4126882438257771,-0.0627781142408998,266464.21058570984,-0.00021474156670857014,1,0,0,0,0,0,0,1,0,0,0,0,0,1,0,0,0,1,0,0,0
-0.4177918751275721,0.186292437266224,-0.44779502514724795,-0.9127600516957498,0,1997.0,0,0,0.0,-0.691032067425187,0.1986596434507186,-1.5171377608217465,681063.5567716074,-0.654859496816777,0,0,0,0,0,0,0,0,1,0,0,0,0,1,0,0,0,1,0,0,0
-0.6060688591702098,-0.8749636602749696,-1.0714774750016314,-0.11681496270133813,0,1959.0,1,0,1.0,-0.5455793478966897,0.09779612811214589,1.0279916206947353,648482.4388066928,0.0775817793330589,0,0,0,0,0,0,0,0,0,0,1,0,0,0,0,0,0,0,0,0,1
0.32084680407578636,0.7169204860368208,0.7995698745615187,-0.9127600516957498,0,1987.0,0,0,0.0,-0.6349193759470986,-0.29734466437649887,-0.0627781142408998,1387958.9555858911,-0.26358002280154325,1,0,0,0,0,1,0,0,1,0,0,0,0,0,0,0,0,1,0,0,0
-0.5548672689877302,-0.8749636602749696,-1.0714774750016314,0.2811575817958677,1,1985.0,0,0,1.0,-0.03436273755898245,-0.1833778027097885,-0.42636802588611145,709633.3003871742,0.18438765555229383,0,0,0,1,0,0,0,0,0,0,0,0,1,0,0,1,0,0,0,0,0
-0.17341611127177867,-0.3443356115043728,0.17588742470713542,-0.5147875071985439,1,1949.0,0,0,1.0,-1.2537461105721908,-0.336396605803271,-1.1535478491765347,1321034.1945257385,0.060045262235328835,0,1,0,0,0,0,0,0,1,0,0,0,0,0,0,1,0,0,0,0,0
0.4418815459042319,1.2475485348074176,1.423252324415902,-0.9127600516957498,0,1964.0,0,0,0.0,0.3647974885749089,0.5854878352568595,-0.0627781142408998,928306.7777025268,-0.43216506768523166,1,0,0,0,0,0,1,0,0,0,0,0,0,1,0,0,0,0,1,0,0
1.253288398574246,0.186292437266224,0.17588742470713542,-0.9127600516957498,0,1962.0,1,0,0.0,2.629515084218021,0.12647713877300215,-0.0627781142408998,1427114.0749282604,1.0880667700169722,0,0,0,1,0,0,1,0,1,0,0,0,1,0,0,0,0,1,0,0,0
-0.48770272587171015,0.186292437266224,0.17588742470713542,-0.9127600516957498,0,1978.0,0,0,0.0,1.8491791153600918,0.2761097352323174,1.0279916206947353,355134.3017894264,-0.7277760765982666,0,0,0,0,0,0,0,0,0,0,0,1,0,1,0,0,0,1,0,0,0
0.8608340982415519,0.186292437266224,0.17588742470713542,-0.9127600516957498,0,2022.0,0,0,1.0,1.7873585476338882,-0.34266927937660185,0.30081179740431185,1657786.3728857806,0.678739390987802,1,0,0,0,0,1,0,0,0,0,1,0,0,0,1,0,0,0,0,1,0
0.41839574297988896,1.2475485348074176,1.423252324415902,-0.9127600516957498,0,1904.0,1,0,0.0,1.2348856807464772,-0.1074719439299538,0.6644017090495236,973943.7682115736,-0.4484954313263272,0,0,0,0,0,0,1,0,0,0,1,0,0,0,0,0,0,0,1,0,0
1.2980671701098658,1.2475485348074176,0.7995698745615187,-0.9127600516957498,0,2020.0,0,0,0.0,0.6466098611300154,-0.1078869758181355,1.0279916206947353,1389463.8885547468,0.16316576399198793,0,0,1,0,0,0,1,0,1,0,0,0,0,1,0,0,1,0,0,0,0
-0.4389926295145521,-0.3443356115043728,-0.44779502514724795,1.0771026707902793,1,1972.0,1,0,0.0,-0.18400390811666836,-0.28649409198724773,-0.42636802588611145,180477.0333816512,-0.3092809329483398,0,0,0,1,0,0,0,0,1,0,0,0,0,1,0,0,0,0,1,0,0
1.1001313364981764,0.186292437266224,0.7995698745615187,-0.9127600516957498,0,1910.0,1,1,1.0,0.128097888123813,-0.09285160414707443,-0.7899579375313232,1456881.8850459885,0.9283249128217259,0,1,0,0,0,0,1,0,0,0,0,1,0,1,0,1,0,0,0,0,0
0.5773337737678609,1.2475485348074176,1.423252324415902,-0.11681496270133813,0,1869.0,0,1,1.0,0.45775552297597105,0.17555444589399416,1.0279916206947353,1998256.393793887,-0.3379811837390337,0,0,0,1,0,1,0,0,0,0,0,0,1,0,0,0,0,0,0,1,0
0.12825352886063462,0.186292437266224,0.7995698745615187,-0.5147875071985439,0,1946.0,1,0,0.0,0.5415699822407133,0.20271978645518549,-1.5171377608217465,938296.6263098466,-0.08533755794149793,0,0,0,1,0,0,0,0,0,0,0,1,1,0,0,0,0,1,0,0,0
-1.25721318818265,-1.4055917090455665,-1.6951599248560147,1.4750752152874853,1,1966.0,0,0,0.0,-0.8171487756103148,0.17180733611905386,-0.7899579375313232,172105.14921482725,-0.7813500759683079,0,0,0,1,0,0,0,1,1,0,0,0,1,0,0,0,0,0,0,0,1
-0.11430292626650271,0.186292437266224,0.17588742470713542,1.0771026707902793,0,1970.0,0,1,0.0,0.818209076842168,0.6677926237580385,-1.1535478491765347,837030.7543824329,-0.3383224225732043,1,0,0,0,0,1,0,0,1,0,0,0,0,0,0,0,0,1,0,0,0
-0.1784935827657577,0.186292437266224,0.17588742470713542,-0.11681496270133813,0,1998.0,1,0,0.0,-0.5282703609266017,-0.0862835608412869,-0.0627781142408998,676942.6522336977,-0.4052728755577372,0,0,1,0,0,0,0,0,1,0,0,0,0,0,0,0,0,0,1,0,0
0.14328390095247473,0.7169204860368208,1.423252324415902,-0.5147875071985439,0,1993.0,0,1,0.0,0.4510840492546113,-0.17094811747803068,0.6644017090495236,1728460.7534123098,-0.4117376201302751,0,0,0,0,0,1,0,0,0,0,1,0,0,1,0,0,0,1,0,0,0
-0.10662293178737287,1.2475485348074176,0.17588742470713542,0.2811575817958677,0,1944.0,1,0,0.0,-0.7890158613423942,0.02895190117910797,0.6644017090495236,964704.271131668,-0.8135562259235941,1,0,0,0,0,0,0,0,0,0,0,0,1,0,0,0,0,0,1,0,0
0.5213165673381731,1.2475485348074176,1.423252324415902,-0.9127600516957498,0,1930.0,1,0,1.0,0.048578357416055866,-0.0035176970100563735,-0.0627781142408998,1261253.6532102583,-0.37693158088329937,0,0,0,0,0,0,1,0,0,1,0,0,0,0,0,0,0,0,1,0,0
-0.2962487889374997,-0.3443356115043728,0.17588742470713542,-0.9127600516957498,0,1904.0,1,0,2.0,-0.6719402246819267,0.30669738717282097,-1.5171377608217465,910238.9433397022,-0.11077302315627574,1,0,0,0,0,1,0,0,1,0,0,0,0,0,1,0,0,1,0,0,0
0.8286612798896996,0.186292437266224,0.17588742470713542,-0.9127600516957498,0,1993.0,0,0,0.0,0.4189663767923285,-0.22462622267891758,-0.42636802588611145,1541175.68979904,0.6451833428038953,0,1,0,0,0,0,1,0,0,0,1,0,0,1,0,0,0,0,1,0,0
-0.79015369507845,-0.8749636602749696,-1.0714774750016314,1.0771026707902793,1,1982.0,1,0,0.0,-0.9843283502604211,-0.02135687656969723,1.0279916206947353,457379.84920924326,-0.3064168841416834,0,0,0,0,0,0,0,0,0,0,0,0,1,0,0,0,0,1,0,0,0
-0.887229983252504,-1.4055917090455665,-1.0714774750016314,-0.5147875071985439,0,1965.0,0,0,0.0,-1.3428619538391882,-0.28974574307814943,-0.0627781142408998,525492.5284618925,0.7622105926800995,0,0,0,1,0,0,0,1,0,0,0,0,0,1,0,0,1,0,0,0,0
-0.09180031312161308,0.186292437266224,0.17588742470713542,-0.9127600516957498,0,1973.0,0,0,0.0,-1.448309634726629,-0.1074719439299538,-1.1535478491765347,1296830.9693568014,-0.3148523378981309,0,1,0,0,0,1,0,0,0,0,0,0,0,0,0,0,0,0,0,1,0
0.23728638781396277,8.676341217595771,0.17588742470713542,-0.9127600516957498,0,1941.0,0,0,1.0,0.7276143778424619,-0.1074719439299538,-0.42636802588611145,860371.7451984499,-1.4183587576699759,0,0,0,0,0,0,1,0,0,0,0,0,0,0,0,1,0,0,0,0,0
0.16765647621412294,0.186292437266224,0.17588742470713542,-0.11681496270133813,0,2016.0,1,0,0.0,0.38848708692000666,-0.019090413643068942,-1.5171377608217465,1324055.91440618,-0.04424053045943184,0,1,0,0,0,1,0,0,1,0,0,0,1,0,0,0,0,0,0,1,0
0.5089454417990699,1.2475485348074176,2.0469347742702855,-0.9127600516957498,0,1977.0,0,0,1.0,-0.6717676514000985,-0.38087101021081493,1.0279916206947353,1337513.0589623258,-0.38553358522413456,0,0,0,0,0,0,1,0,0,1,0,0,0,1,0,0,0,0,1,0,0
0.24780973756492575,0.7169204860368208,0.17588742470713542,1.4750752152874853,1,1932.0,1,1,0.0,-0.11925907891333515,-0.025487696758034556,-0.0627781142408998,1582377.4805731762,-0.3245217854098796,1,0,0,0,0,1,0,0,1,0,0,0,0,1,0,0,0,1,0,0,0
0.29119155168149624,1.2475485348074176,1.423252324415902,-0.11681496270133813,0,2009.0,1,0,0.0,-1.269159111413957,-0.25989466093084446,1.391581532339947,1538578.770140476,-0.5369442149283189,0,0,1,0,0,1,0,0,1,0,0,0,0,1,0,0,1,0,0,0,0
-0.02170091226935563,1.7781765835780143,2.0469347742702855,2.271020304281897,1,1914.0,0,0,0.0,1.292743899189557,-0.35786327679896945,-1.5171377608217465,739383.7997275996,-0.9010127172946827,0,1,0,0,1,0,0,0,0,0,0,1,1,0,0,0,0,0,0,0,1
1.3253621921276233,0.186292437266224,-0.44779502514724795,-0.9127600516957498,0,1955.0,0,1,0.0,1.5497436153504796,-0.0818865195957257,0.30081179740431185,1679415.806729701,1.163239285611486,0,0,0,1,0,0,1,0,0,0,0,0,1,0,0,0,1,0,0,0,0
1.1109162910622372,0.186292437266224,0.17588742470713542,-0.9127600516957498,0,1979.0,1,0,0.0,-0.6403545421102718,-0.14200311767504345,-1.5171377608217465,1675931.6642582822,0.9395735529332327,1,0,0,0,0,0,1,0,0,0,1,0,0,0,0,0,1,0,0,0,0
1.4097669629319873,0.186292437266224,0.7995698745615187,-0.9127600516957498,0,1976.0,0,1,0.0,0.016274487294228465,0.3134297957377854,1.391581532339947,1576680.3396236089,1.2512729333040196,0,0,1,0,0,0,1,0,1,0,0,0,0,0,0,0,0,0,1,0,0
1.2168148521251667,0.186292437266224,-0.44779502514724795,-0.9127600516957498,0,1943.0,0,0,0.0,-0.6837247350270601,-0.3397120755902979,0.6644017090495236,1656518.2137843866,1.050025089344231,0,0,0,0,0,0,1,0,0,0,1,0,0,1,0,0,1,0,0,0,0
-0.5209999680052646,-0.3443356115043728,-0.44779502514724795,1.4750752152874853,1,2018.0,0,0,0.0,1.1781062494576637,-0.020645937948523287,0.6644017090495236,634964.8012295631,-0.4233251206736538,0,0,0,0,0,0,0,0,0,0,1,0,0,1,0,0,0,0,1,0,0
0.19381179028013798,0.7169204860368208,0.17588742470713542,-0.9127600516957498,0,1928.0,0,0,1.0,0.4256477470537106,-0.22529416403550986,0.30081179740431185,1339147.281478009,-0.3695774022626959,0,1,0,0,0,0,1,0,0,1,0,0,0,1,0,0,0,0,0,0,1
-0.5509144873934821,-0.3443356115043728,0.17588742470713542,-0.11681496270133813,0,2003.0,0,0,0.0,-1.164012407230572,-0.27601875160632,1.391581532339947,1106057.5122579483,-0.4649259960051801,0,1,0,0,0,0,0,0,0,1,0,0,1,0,0,0,1,0,0,0,0
0.45301189562515115,0.7169204860368208,0.7995698745615187,0.2811575817958677,1,1966.0,0,0,0.0,-0.28186749714370435,0.6486704359100772,-0.0627781142408998,1972681.4019088757,-0.15330213214840807,0,0,0,1,0,1,0,0,0,0,0,0,1,0,0,0,1,0,0,0,0
-0.5691173441079344,-0.8749636602749696,-1.0714774750016314,-0.9127600516957498,0,1966.0,1,1,1.0,-0.08863329721178889,-0.24689753023008346,1.0279916206947353,1117790.94047657,0.1546621772228311,0,1,0,0,0,0,0,0,0,0,1,0,0,0,0,0,0,1,0,0,0
0.22676617916212574,0.186292437266224,0.17588742470713542,0.2811575817958677,1,1970.0,0,1,0.0,1.15005399897519,0.023127643380410172,-0.42636802588611145,1091750.4148408673,0.017410519770844315,0,0,1,0,0,1,0,0,1,0,0,0,0,0,1,0,0,1,0,0,0
-1.006565393162862,-1.4055917090455665,-1.6951599248560147,-0.9127600516957498,0,1943.0,1,0,0.0,-0.08912213778126088,0.005311673719873413,-0.0627781142408998,441278.75171188393,0.2643462500285412,0,0,0,0,0,0,0,1,0,0,1,0,0,0,1,0,0,0,0,0,0
-0.16367220931508641,-0.3443356115043728,0.17588742470713542,2.271020304281897,0,1956.0,0,0,1.0,0.675179377803758,-0.31781026624766373,-1.1535478491765347,816536.0343557871,0.0735957005787449,0,1,0,0,0,0,0,0,1,0,0,0,0,1,0,0,1,0,0,0,0
0.22667657965997529,0.186292437266224,0.17588742470713542,-0.11681496270133813,0,1990.0,1,1,0.0,0.06417653032826642,-0.114640413653275,1.0279916206947353,1136521.1044051163,0.017317068050869605,0,0,0,0,0,0,0,0,0,0,0,0,0,1,0,0,0,1,0,0,0
-0.5361938595619942,-0.3443356115043728,-0.44779502514724795,-0.5147875071985439,0,2014.0,0,0,2.0,-1.379210379983177,-0.29897763711151354,-1.5171377608217465,789631.5048603393,-0.44445463240838673,1,0,0,0,0,0,0,0,0,0,0,0,0,1,0,0,0,1,0,0,0
0.09806713164516347,0.7169204860368208,1.423252324415902,1.0771026707902793,1,1934.0,0,0,1.0,-0.6242479680073499,0.4246554647268631,1.0279916206947353,1199123.669138911,-0.44946626604504925,0,0,0,0,1,0,0,0,0,0,0,0,0,0,0,0,1,0,0,0,0
-0.1137259563225004,0.186292437266224,0.7995698745615187,1.0771026707902793,1,1972.0,1,0,0.0,1.7289634049891802,-0.3873974702776863,-1.5171377608217465,199379.05932320945,-0.3377206465326389,0,0,0,0,0,1,0,0,0,0,1,0,0,1,0,0,0,0,0,1,0
-0.2662203831973284,0.186292437266224,-0.44779502514724795,0.2811575817958677,1,1902.0,1,0,0.0,0.23347774374250296,-0.26867921213054685,0.6644017090495236,1075070.68951279,-0.49677137936016447,0,1,0,0,0,0,0,0,0,0,1,0,0,1,0,0,1,0,0,0,0
-0.12110466196481377,0.7169204860368208,0.17588742470713542,1.4750752152874853,1,1973.0,1,0,2.0,0.3761484877377583,-0.32335764174458553,-0.42636802588611145,1249455.2757474342,-0.6323421132648496,0,0,0,1,1,0,0,0,1,0,0,0,0,1,0,1,0,0,0,0,0
-0.007219450642786674,0.186292437266224,0.17588742470713542,-0.9127600516957498,0,1958.0,0,0,0.0,0.08449279048416738,-0.2779532169062857,0.30081179740431185,1161121.9479369214,-0.2266350276912219,0,0,0,1,1,0,0,0,0,0,0,0,0,0,1,0,0,1,0,0,0
-0.290414473389781,0.186292437266224,0.7995698745615187,-0.11681496270133813,0,1910.0,0,0,0.0,1.356279422444536,0.012876897290688834,-1.5171377608217465,648677.8645681177,-0.5220056640095534,1,0,0,0,0,0,0,0,1,0,0,0,1,0,0,0,0,1,0,0,0
0.08689696991107608,0.186292437266224,0.17588742470713542,-0.5147875071985439,0,1956.0,1,0,0.0,-0.33816667879655354,-0.1074719439299538,-1.5171377608217465,1516370.157421666,-0.1284721900913751,0,1,0,0,0,0,0,0,0,0,1,0,0,1,0,0,0,0,0,0,0
-0.9045020246930416,-0.8749636602749696,-1.0714774750016314,-0.11681496270133813,0,1998.0,0,1,2.0,-0.7358243062615413,0.2409423600799178,1.7551714439851585,506785.1770149007,-0.5449460683948603,1,0,0,0,0,0,0,0,0,0,0,0,0,0,0,0,0,0,1,0,0
1.443068451292615,0.186292437266224,0.7995698745615187,-0.9127600516957498,0,1930.0,0,0,1.0,-0.4258558279475137,0.22173167509511343,-0.0627781142408998,1868344.3996804757,1.2860061772431755,0,0,1,0,0,0,1,0,0,0,1,0,0,1,0,0,0,1,0,0,0
0.3911294557111409,1.2475485348074176,2.0469347742702855,-0.9127600516957498,0,1966.0,1,0,0.0,-0.12905214590585745,0.028423624386464723,0.30081179740431185,1181253.9632736454,-0.46745447597451795,0,0,0,1,0,0,1,0,0,0,0,0,0,0,0,0,0,0,0,1,0
-0.4434427438286763,0.186292437266224,0.7995698745615187,0.6791301262930736,1,2009.0,0,0,0.0,0.9930340881820764,-0.12533110318874632,-0.42636802588611145,1055804.751058931,-0.6816131923332832,0,0,0,1,0,0,0,0,0,0,1,0,0,1,0,1,0,0,0,0,0
1.2024587271974425,0.186292437266224,0.17588742470713542,-0.9127600516957498,0,2010.0,1,0,0.0,0.060144689750776935,0.11508673940154095,-0.7899579375313232,1007000.046353522,1.0350517408939808,0,0,0,0,0,0,1,0,1,0,0,0,1,0,0,0,0,1,0,0,0
0.19975966411797055,1.2475485348074176,1.423252324415902,0.6791301262930736,1,1977.0,0,0,1.0,2.149334080128795,0.6758914923245984,-1.1535478491765347,1549620.7869733926,-0.6005194725898964,0,0,0,1,0,1,0,0,0,1,0,0,0,0,0,1,0,0,0,0,0
1.151516808714759,0.186292437266224,0.7995698745615187,-0.9127600516957498,0,1950.0,0,1,0.0,2.698723677584839,-0.349443026865077,-0.0627781142408998,1153196.698328334,0.9819196387420671,1,0,0,0,0,0,1,0,0,0,1,0,0,1,0,0,0,1,0,0,0
-1.1524805751579064,-1.4055917090455665,-1.6951599248560147,-0.9127600516957498,0,1966.0,1,0,1.0,-1.5916426504913772,-0.015300302616529975,-0.0627781142408998,236354.50471550453,-0.34440823635077633,0,0,0,1,0,0,0,1,0,0,0,1,1,0,0,0,0,1,0,0,0
-0.8761380074362056,-1.4055917090455665,-1.0714774750016314,-0.9127600516957498,0,1872.0,0,0,2.0,-0.42834000912736075,-0.061556678441467984,-0.0627781142408998,468170.94235168985,0.8084860381043585,0,0,0,0,0,0,0,1,0,0,1,0,0,0,0,0,0,0,1,0,0
1.385821252976912,0.186292437266224,0.17588742470713542,-0.9127600516957498,0,1984.0,0,1,0.0,0.23547286641882542,-0.014576124152777451,0.6644017090495236,2808159.55212628,1.2262977076877004,0,0,0,1,0,0,1,0,0,1,0,0,0,0,0,0,1,0,0,0,0
-0.062437532833067924,0.186292437266224,-0.44779502514724795,-0.11681496270133813,0,1902.0,0,0,0.0,-0.430083680567084,-0.024178531934064964,1.0279916206947353,1051067.827465081,-0.28422714182732534,0,1,0,0,0,1,0,0,0,0,0,1,0,0,0,0,1,0,0,0,0
-1.111031942562773,-1.4055917090455665,-1.6951599248560147,1.8730477597846913,1,2004.0,1,1,0.0,-1.1843477138456202,-0.21907504324098412,0.30081179740431185,316248.0947914196,-0.17148557880694082,0,1,0,0,0,0,0,1,0,0,0,1,0,1,0,0,0,0,1,0,0
-0.7477461643783145,-0.3443356115043728,0.17588742470713542,1.4750752152874853,1,1961.0,1,0,0.0,-1.3690547390545558,-0.1074719439299538,-0.42636802588611145,765429.8378750818,-0.7386516056088717,0,1,0,0,0,0,0,0,1,0,0,0,0,1,0,1,0,0,0,0,0
-0.22773999105681797,0.186292437266224,0.7995698745615187,1.8730477597846913,1,1930.0,0,0,1.0,2.937534289625652,-0.16437434934095038,-0.7899579375313232,708776.6242706589,-0.45663657119132234,1,0,0,0,0,0,0,0,1,0,0,0,0,0,0,0,0,1,0,0,0
1.002734203433145,0.186292437266224,0.7995698745615187,-0.9127600516957498,0,1902.0,0,0,1.0,-0.312268437890663,0.009539424227114221,-1.5171377608217465,1466438.450911573,0.8267403126054255,0,0,0,1,0,0,1,0,0,0,1,0,1,0,0,0,0,0,1,0,0
-1.0063055927106939,-1.4055917090455665,0.17588742470713542,-0.9127600516957498,0,1995.0,1,0,0.0,-0.46901054574427214,0.05614144380928706,-1.5171377608217465,270643.83848189143,0.2654301310110288,0,0,0,0,0,0,0,1,0,0,0,1,0,1,0,0,0,1,0,0,0
-0.8669468091596632,-0.3443356115043728,0.17588742470713542,0.2811575817958677,1,1914.0,0,0,0.0,-0.49606685740345186,-0.14256323176363137,-0.0627781142408998,403413.2448517839,-0.9044189742445715,0,0,0,0,0,0,0,0,1,0,0,0,0,1,0,1,0,0,0,0,0
0.09305050815826667,0.7169204860368208,0.7995698745615187,-0.9127600516957498,0,1880.0,1,0,0.0,-0.10394320116180104,0.09250590989618376,1.7551714439851585,724815.5714953848,-0.45365211156484986,0,0,0,0,0,0,1,0,1,0,0,0,0,0,1,0,0,0,0,0,1
-0.7958552845256185,-0.3443356115043728,-0.44779502514724795,-0.5147875071985439,0,1962.0,0,0,0.0,2.308498405798629,-0.34411047653006044,0.30081179740431185,520930.5362272481,-0.8055549538988565,0,0,0,1,0,0,0,0,0,0,1,0,1,0,0,0,0,1,0,0,0
0.8255910054341329,0.186292437266224,0.17588742470713542,-0.9127600516957498,0,1980.0,0,0,0.0,0.5904213400448552,-0.31423969297516746,1.391581532339947,1498732.965971638,0.641981065762385,0,1,0,0,0,0,1,0,0,0,0,0,1,0,0,0,0,1,0,0,0
1.5583715182009603,0.186292437266224,-0.44779502514724795,-0.9127600516957498,0,1939.0,0,0,1.0,-0.006195819008499052,18.000812254452526,-0.7899579375313232,1726044.560338212,1.406266554391822,0,0,0,0,0,0,1,0,0,0,0,0,0,1,0,0,0,1,0,0,0
-0.10613992376609684,0.7169204860368208,1.423252324415902,1.0771026707902793,1,1980.0,1,0,0.0,-0.6286840928678746,-0.1368054416409362,1.7551714439851585,1474638.694226722,-0.6198556106385906,0,1,0,0,0,1,0,0,0,0,0,0,0,0,1,0,0,1,0,0,0
-0.011027825517782553,0.186292437266224,-0.44779502514724795,0.2811575817958677,1,1966.0,0,0,0.0,0.7104550298417137,-0.34167862891451417,-0.0627781142408998,892216.3794765137,-0.23060713885071515,0,0,1,0,0,0,0,0,0,1,0,0,1,0,0,0,1,0,0,0,0
0.4604487193320424,1.2475485348074176,1.423252324415902,-0.9127600516957498,0,1953.0,0,0,1.0,-1.429731372957675,0.3973805285683296,-0.42636802588611145,1508853.347206168,-0.41925477056487404,0,1,0,0,0,0,1,0,1,0,0,0,0,0,1,0,0,0,0,0,0
0.1383784071511168,0.186292437266224,0.17588742470713542,-0.11681496270133813,0,1966.0,1,0,0.0,-1.4472016369521095,-0.1074719439299538,1.391581532339947,1235000.3086907305,-0.07477737325217461,0,0,1,0,0,1,0,0,1,0,0,0,1,0,0,0,1,0,0,0,0
0.5603296553954115,1.7781765835780143,2.670617224124669,-0.5147875071985439,0,1959.0,0,0,1.0,-0.6051289308031895,-0.33931881562719246,0.30081179740431185,1318042.5461074966,-0.55412458051018,0,1,0,0,0,0,0,0,1,0,0,0,0,1,0,0,0,0,0,1,0
0.05498927088627778,0.186292437266224,0.7995698745615187,-0.11681496270133813,0,1984.0,0,0,0.0,0.1340782828784682,0.014556744717984165,-0.42636802588611145,1208162.8721486996,-0.16175172047644257,0,0,0,1,0,0,0,0,0,0,0,0,1,0,0,0,1,0,0,0,0
-1.089077157285726,-1.4055917090455665,-1.6951599248560147,2.271020304281897,1,1853.0,0,1,1.0,-0.3175156346841123,0.7144646475041562,1.7551714439851585,449016.0846627948,-0.07989076425672642,0,1,0,0,0,0,0,1,0,0,1,0,0,0,1,0,1,0,0,0,0
-0.9753384105366559,-1.4055917090455665,-1.6951599248560147,-0.11681496270133813,0,1966.0,1,0,1.0,-0.24105064520249112,0.2321878088547751,-0.42636802588611145,444547.34913820814,0.39462443979523415,0,0,1,0,0,0,0,1,0,0,1,0,0,1,0,0,1,0,0,0,0
0.2616771218783029,0.186292437266224,0.17588742470713542,1.4750752152874853,1,1987.0,1,1,1.0,-0.3425392740696022,-0.20415243022081364,-1.1535478491765347,1856816.9655037976,0.05382241452989336,0,0,1,0,0,0,0,0,0,0,1,0,0,0,0,0,0,0,0,0,0
-0.3844896569316235,-0.3443356115043728,-0.44779502514724795,0.6791301262930736,0,1937.0,0,0,2.0,-0.10300677281937226,0.11953874460858502,-1.1535478491765347,584133.4245667874,-0.23348592056003895,0,0,0,0,0,0,0,0,0,0,0,1,0,0,0,0,0,1,0,0,0
-1.0101471817539198,-1.4055917090455665,-1.6951599248560147,-0.5147875071985439,0,1991.0,0,0,0.0,0.3907810024208919,0.07589756445832728,1.0279916206947353,298522.6503989963,0.24940311769469845,0,0,1,0,0,0,0,1,0,0,0,0,1,0,0,1,0,0,0,0,0
3.9491445547337864,0.186292437266224,-0.44779502514724795,1.4750752152874853,1,1970.0,1,1,1.0,1.0692127430279639,-0.0423687170270781,0.6644017090495236,4777946.88786755,3.899827868583052,0,0,0,1,0,0,0,0,0,0,0,0,0,0,0,0,0,0,1,0,0
-0.28682206573645375,-0.3443356115043728,0.17588742470713542,0.2811575817958677,1,1926.0,0,0,1.0,-0.6462247913018228,-0.2798623560954283,-1.1535478491765347,1122083.9767620177,-0.09766367208891473,0,0,0,1,0,0,0,0,0,0,1,0,0,1,0,0,0,0,1,0,0
1.5748179549201884,0.7169204860368208,0.17588742470713542,-0.9127600516957498,0,1954.0,0,0,0.0,0.8523877876833988,0.2132358629788406,-0.0627781142408998,1538830.5973055132,0.7827272269713981,0,0,1,0,0,0,1,0,0,0,1,0,0,1,0,0,0,0,1,0,0
0.4223645366688282,1.2475485348074176,1.423252324415902,-0.9127600516957498,0,1958.0,0,0,0.0,3.6643840392382474,-0.31062969602647955,0.30081179740431185,628761.2908227191,-0.445735813340702,1,0,0,0,0,0,1,0,0,0,1,0,0,1,0,0,0,0,0,1,0
-0.5225787571834938,-0.3443356115043728,0.17588742470713542,-0.9127600516957498,0,1875.0,1,0,0.0,-1.2095573983050636,-0.15627471717950533,-0.42636802588611145,1186696.1504236662,-0.4255206769828132,0,0,0,1,0,1,0,0,0,0,1,0,0,1,0,0,1,0,0,0,0
-0.9789625963832438,-1.4055917090455665,-1.6951599248560147,1.0771026707902793,1,1867.0,0,1,2.0,-1.1333704736383832,-0.16280319826771464,-0.42636802588611145,438681.5559259925,0.3795044271727112,0,0,1,0,0,0,0,1,1,0,0,0,1,0,0,0,0,1,0,0,0
-0.7448604070923739,-0.3443356115043728,-0.44779502514724795,0.6791301262930736,1,1970.0,1,1,2.0,2.326774622064322,-0.009784829122034048,-0.7899579375313232,410310.837202936,-0.7346385032243237,0,0,1,0,0,0,0,0,1,0,0,0,0,1,0,0,1,0,0,0,0
9.445154674296893,0.186292437266224,0.7995698745615187,-0.5147875071985439,0,1966.0,0,1,0.0,-0.20400235808911288,-0.30223919300553553,1.391581532339947,827237.8080672319,9.632132025911583,0,0,0,0,0,0,0,0,0,0,1,0,0,1,0,0,0,0,0,0,1
-0.7095738934043034,-0.3443356115043728,0.17588742470713542,0.6791301262930736,0,2000.0,0,1,1.0,0.005216522274196773,-0.17760567234449154,0.6644017090495236,893060.1571875942,-0.6855670193147475,0,1,0,0,0,0,0,0,0,0,1,0,0,1,0,0,0,1,0,0,0
-0.2920668339504255,-0.3443356115043728,0.17588742470713542,0.6791301262930736,1,1962.0,0,0,0.0,1.435265462845817,-0.1074719439299538,1.391581532339947,491645.030829662,-0.10495735265187665,1,0,0,0,0,0,0,0,0,0,0,1,0,1,0,0,0,0,1,0,0
0.8527340360495116,0.186292437266224,0.17588742470713542,-0.9127600516957498,0,2012.0,1,1,0.0,-0.8200810077379265,-0.14918610140636626,-1.1535478491765347,1330569.8730161404,0.6702910768166223,0,0,0,0,0,0,1,0,0,0,0,0,0,1,0,0,0,1,0,0,0
-1.040197460737234,-1.4055917090455665,0.17588742470713542,-0.9127600516957498,0,1925.0,1,0,0.0,-0.13165257258237134,-0.1074719439299538,-0.42636802588611145,333168.1018417317,0.12403410606804098,0,0,0,0,0,0,0,1,0,0,0,0,0,1,0,0,0,1,0,0,0
0.8820224080027755,0.186292437266224,0.7995698745615187,-0.9127600516957498,0,1962.0,1,0,0.0,0.9714736878313575,-0.1074719439299538,-0.0627781142408998,1467422.5977654934,0.7008386654594221,0,1,0,0,0,0,1,0,0,0,0,0,0,0,0,0,0,0,0,1,0
0.05383496737234958,0.186292437266224,0.17588742470713542,-0.5147875071985439,0,1952.0,0,1,0.0,0.09924777455552712,-0.23933647864714933,0.30081179740431185,1474897.0278661577,-0.16295565181713587,0,1,0,0,1,0,0,0,0,0,0,0,1,0,0,1,0,0,0,0,0
-0.7050191908907981,-0.3443356115043728,-0.44779502514724795,-0.5147875071985439,0,2007.0,1,0,2.0,-0.45722253794057577,-0.1074719439299538,-0.7899579375313232,1042911.9983304566,-0.6792329843607662,0,1,0,0,0,0,0,0,0,0,1,0,0,1,0,1,0,0,0,0,0
-0.7008473174332003,-0.8749636602749696,-1.0714774750016314,-0.11681496270133813,0,1966.0,0,0,0.0,-0.7803488332674614,-0.38368581074965785,-0.0627781142408998,699062.8341903402,-0.12012489824100542,1,0,0,0,0,0,0,0,0,1,0,0,1,0,0,0,0,0,0,0,0
0.8160687886026597,1.2475485348074176,1.423252324415902,-0.9127600516957498,0,1951.0,1,0,1.0,0.9121786969598766,0.21016341874788255,-0.0627781142408998,1277597.943201958,-0.1719817661899029,0,0,0,0,0,0,1,0,0,0,0,0,1,0,0,0,0,1,0,0,0
1.434550714201395,0.186292437266224,0.17588742470713542,-0.9127600516957498,0,1983.0,0,0,0.0,-0.9307627356465411,-0.2572576249776095,-0.0627781142408998,2019291.1072687088,1.2771222307662147,0,0,0,1,0,0,1,0,0,0,0,0,0,0,0,0,0,1,0,0,0
-0.6386997640665257,-0.8749636602749696,-1.0714774750016314,1.4750752152874853,1,2008.0,0,0,2.0,-0.6220538649384348,-0.15560063183397202,1.0279916206947353,844264.1876369606,0.009514120167462998,0,1,0,0,0,0,0,0,1,0,0,0,1,0,0,0,1,0,0,0,0
-1.1227851908495636,-1.4055917090455665,-1.0714774750016314,0.2811575817958677,1,1921.0,1,0,0.0,0.3693056516417571,-0.02555066441592662,-1.1535478491765347,248218.58667665848,-0.2205198364235118,1,0,0,0,0,0,0,1,0,0,1,0,0,0,0,0,0,1,0,0,0
-0.4909323618777073,0.186292437266224,0.17588742470713542,-0.11681496270133813,0,1948.0,1,0,2.0,1.0346914302490278,0.31596089782429326,1.391581532339947,614148.7426952211,-0.7311445667394941,0,0,0,0,0,0,0,0,0,0,0,0,0,0,0,0,0,0,1,0,0
0.06681118655136299,1.2475485348074176,1.423252324415902,-0.11681496270133813,0,1971.0,1,0,0.0,-0.5687440262366839,-0.06762738572064754,1.391581532339947,1005220.8884784852,-0.6929624259428941,0,0,0,0,0,1,0,0,1,0,0,0,1,0,0,0,0,0,0,1,0
0.233087525300592,0.7169204860368208,0.7995698745615187,0.6791301262930736,1,1876.0,0,0,1.0,-0.7262146704668895,0.04985071093026003,-1.1535478491765347,1128416.2024261565,-0.3368059256107891,1,0,0,0,1,0,0,0,0,0,0,0,0,1,0,1,0,0,0,0,0
-0.7767200275553907,-0.8749636602749696,0.17588742470713542,0.2811575817958677,1,2011.0,1,0,0.0,0.8607789782173343,-0.1074719439299538,0.30081179740431185,537420.7580455998,-0.27839442184071383,0,0,0,0,0,0,0,0,0,0,1,0,0,0,1,0,0,1,0,0,0
0.8847414612708496,0.186292437266224,0.17588742470713542,-0.5147875071985439,0,1960.0,0,0,2.0,-0.2939048107571799,-0.25191493673098875,1.0279916206947353,1650432.9058826882,0.7036746210005335,0,0,0,0,0,0,0,0,0,0,1,0,0,0,1,0,0,0,1,0,0
-0.49878261069361424,-0.3443356115043728,-0.44779502514724795,-0.9127600516957498,0,1957.0,0,1,1.0,-0.7085115035706601,-0.15371409942607983,1.0279916206947353,138192.78601120503,-0.39242836783857443,0,0,1,0,0,0,0,0,1,0,0,0,1,0,0,0,0,1,0,0,0
0.9755712647726036,0.7169204860368208,0.17588742470713542,-0.9127600516957498,0,1974.0,1,0,2.0,0.6996647460630797,0.06862820446787048,-1.5171377608217465,1672718.8561367018,0.282718789072608,0,1,0,0,0,0,1,0,0,0,0,0,1,0,0,0,0,1,0,0,0
-0.17014785739146204,0.186292437266224,-0.44779502514724795,0.6791301262930736,1,1997.0,1,0,0.0,-0.4303872812599214,-0.3621929969103755,0.6644017090495236,1009006.8612449182,-0.3965683362249749,0,0,1,0,0,1,0,0,0,0,0,0,0,1,0,0,1,0,0,0,0
0.3424226288186632,1.7781765835780143,2.0469347742702855,-0.9127600516957498,0,1997.0,0,0,0.0,0.549630045310319,0.24972953957227273,-1.1535478491765347,861363.0627312706,-0.6839963890386225,1,0,0,0,0,0,1,0,1,0,0,0,0,0,0,0,1,0,0,0,0
0.2578602401601864,0.186292437266224,0.17588742470713542,1.4750752152874853,1,1934.0,1,1,1.0,0.16922577444899137,-0.3915080467155946,1.391581532339947,2031016.799740638,0.049841430786266294,0,0,0,1,0,1,0,0,0,0,0,0,0,1,0,0,0,1,0,0,0
0.09199112239200818,0.7169204860368208,0.7995698745615187,-0.11681496270133813,0,2018.0,0,0,0.0,1.505056343896859,-0.1445823876293597,1.0279916206947353,880189.6440293175,-0.45453605774399136,0,0,1,0,0,0,0,0,1,0,0,0,1,0,0,1,0,0,0,0,0
-0.6335541652426881,-0.3443356115043728,-1.0714774750016314,2.271020304281897,1,1913.0,1,0,0.0,1.8546977526083406,-0.18035800582202746,-0.0627781142408998,484221.95697952,-0.5798495517216197,0,0,1,0,0,0,0,0,0,0,0,0,0,1,0,0,0,1,0,0,0
-0.6577140592118597,-0.8749636602749696,-1.6951599248560147,-0.5147875071985439,0,1957.0,1,0,2.0,-1.5533003733034727,-0.08112728164733328,1.7551714439851585,703272.315514679,-0.030149461499644144,0,0,1,0,0,0,0,0,0,0,0,0,0,1,0,0,0,0,0,1,0
-0.4034907786995523,-0.3443356115043728,-0.44779502514724795,1.0771026707902793,1,1966.0,0,0,1.0,-0.9578224386986987,-0.045116813330491466,0.6644017090495236,681559.8007174648,-0.259909988671195,1,0,0,0,0,0,0,0,1,0,0,0,0,0,0,0,1,0,0,0,0
0.03515211398582779,0.186292437266224,0.17588742470713542,-0.11681496270133813,0,1957.0,0,0,1.0,0.185779388241003,-0.1074719439299538,1.391581532339947,1416267.7539343657,-0.18244175097061263,0,0,0,1,0,0,0,0,0,0,1,0,0,1,0,1,0,0,0,0,0
-0.5261065922497926,-0.3443356115043728,-0.44779502514724795,0.6791301262930736,1,1938.0,0,0,1.0,0.4529604194376261,-0.12737156404651181,-0.42636802588611145,397841.4365829823,-0.43042669017589463,0,0,1,0,0,0,0,0,0,0,0,1,0,0,0,0,0,0,0,1,0
0.02426509485357193,0.7169204860368208,0.7995698745615187,0.6791301262930736,1,1991.0,1,0,0.0,0.18158634520623532,-0.11004980375348526,1.0279916206947353,613072.7648402489,-0.5110463160255079,0,0,0,0,1,0,0,0,0,0,0,1,0,0,1,0,0,1,0,0,0
-0.6771687565441957,-0.8749636602749696,-1.0714774750016314,-0.9127600516957498,0,2023.0,1,0,1.0,-1.5494574729043598,-0.24597851107066646,-0.42636802588611145,698114.2809486984,-0.07073171661622799,1,0,0,0,0,0,0,0,0,0,0,0,0,0,1,1,0,0,0,0,0
0.638638507117004,0.186292437266224,0.17588742470713542,-0.9127600516957498,0,1967.0,1,0,1.0,-0.11997791681901673,0.007615586405124639,-0.7899579375313232,1164057.399282303,0.4469907800801194,1,0,0,0,0,0,1,0,0,0,0,0,1,0,0,0,0,0,1,0,0
0.962560368218908,0.7169204860368208,0.7995698745615187,-0.9127600516957498,0,1913.0,0,1,0.0,-0.03661819104693874,-0.3096183175021019,0.30081179740431185,1977162.4864908024,0.271862562132291,0,1,0,0,0,0,1,0,1,0,0,0,0,1,0,1,0,0,0,0,0
-1.088838741914347,-1.4055917090455665,-1.0714774750016314,-0.9127600516957498,0,1963.0,1,0,0.0,1.18755600449843,-0.09599415342677647,-0.0627781142408998,243619.25788447144,-0.07889610129592758,0,0,0,0,0,0,0,1,1,0,0,0,0,0,1,0,0,0,1,0,0
-0.29017375322232747,0.186292437266224,-0.44779502514724795,-0.9127600516957498,0,2001.0,0,0,0.0,2.869886669630277,-0.2643608564673059,-1.5171377608217465,822066.9263106675,-0.5217545943814726,1,0,0,0,0,1,0,0,0,1,0,0,1,0,0,0,1,0,0,0,0
-1.1507681432801673,-1.4055917090455665,-1.6951599248560147,2.271020304281897,1,1995.0,0,0,0.0,-0.19535949627784913,-0.3517364573764658,0.6644017090495236,277753.74494071066,-0.3372640134266123,0,0,0,1,0,0,0,1,0,0,0,0,0,0,0,0,0,1,0,0,0
0.33855553538674626,0.7169204860368208,0.7995698745615187,-0.11681496270133813,0,1990.0,1,0,2.0,0.1542692509262156,0.4258338467729318,-0.42636802588611145,2292377.883778504,-0.2488039460612917,0,1,0,0,0,1,0,0,0,0,0,0,0,1,0,0,0,1,0,0,0
-0.46598293593291346,0.186292437266224,0.17588742470713542,-0.11681496270133813,0,2006.0,0,0,0.0,-0.996244832483488,-0.1074719439299538,1.7551714439851585,869441.3279872877,-0.7051224716277641,0,0,0,0,0,0,0,0,0,1,0,0,0,0,0,0,0,1,0,0,0
1.1009365277291627,0.186292437266224,0.7995698745615187,-0.9127600516957498,0,2008.0,0,0,0.0,-0.9224978982887022,0.19261673350168093,-0.7899579375313232,2063745.8916426783,0.9291647222362679,0,1,0,0,0,0,1,0,0,0,0,0,0,1,0,1,0,0,0,0,0
-0.38853162303815775,0.186292437266224,0.17588742470713542,-0.9127600516957498,0,2013.0,0,0,0.0,-0.7812207312189261,-0.3093120490955483,1.391581532339947,1018427.921126516,-0.6243412370159811,0,0,0,1,0,0,0,0,0,0,1,0,0,1,0,0,0,1,0,0,0
-0.5892765334946504,-0.3443356115043728,-1.0714774750016314,0.2811575817958677,0,1966.0,1,0,0.0,-0.28760203980446675,-0.1074719439299538,0.6644017090495236,745087.9268570729,-0.5182744946591664,0,1,0,0,0,0,0,0,1,0,0,0,0,0,0,0,0,1,0,0,0
0.18550108096344156,0.7169204860368208,0.17588742470713542,-0.9127600516957498,0,1966.0,1,0,1.0,0.3756903602130204,-0.24442737581831464,-0.0627781142408998,846167.7412563603,-0.3765118165057664,0,0,0,0,0,0,1,0,0,0,0,0,0,1,0,0,0,1,0,0,0
-0.7186303004288312,-0.8749636602749696,-1.0714774750016314,-0.11681496270133813,0,1932.0,0,0,2.0,-0.8848935973554714,-0.1624523552680163,0.6644017090495236,756024.7677810234,-0.15721997817643363,0,0,0,1,0,0,0,0,0,0,1,0,0,0,1,0,0,1,0,0,0
-0.13835668403653417,-0.3443356115043728,-0.44779502514724795,0.2811575817958677,0,2007.0,0,0,1.0,-0.4584115150484079,-0.3043338253346056,-1.5171377608217465,917553.210269,0.1088009464795018,0,0,0,0,1,0,0,0,1,0,0,0,1,0,0,0,0,0,0,1,0
-1.053397609667134,-1.4055917090455665,-1.6951599248560147,0.6791301262930736,1,1966.0,1,0,0.0,0.6366750938166851,-0.2559953787918983,0.30081179740431185,248243.59145501367,0.06896341519075633,1,0,0,0,0,0,0,1,0,0,0,0,0,0,0,0,0,0,0,0,1
-0.6790025699189582,-0.8749636602749696,-1.0714774750016314,0.2811575817958677,1,1985.0,0,0,1.0,1.7403056472990754,0.23945154997924958,-0.0627781142408998,517821.9137982183,-0.07455702836174269,0,0,1,0,0,0,0,0,1,0,0,0,0,0,0,0,1,0,0,0,0
1.086075656866089,0.186292437266224,0.17588742470713542,-0.9127600516957498,0,1968.0,0,0,1.0,1.8339834756836777,0.15066406246061323,0.6644017090495236,1372308.8511101562,0.9136649269344552,0,0,1,0,0,0,1,0,0,0,1,0,1,0,0,0,0,0,0,0,0
-0.2824693432021269,-0.3443356115043728,0.17588742470713542,-0.9127600516957498,0,1948.0,0,0,0.0,-1.063735748980061,-0.18729530162974023,0.6644017090495236,1376317.66291975,-0.09161052227382603,0,1,0,0,0,0,0,0,0,1,0,0,0,0,0,0,1,0,0,0,0
2.2658496571742095,0.7169204860368208,1.423252324415902,-0.9127600516957498,0,2004.0,0,0,0.0,0.44186624844716776,-0.24298896000322096,-0.0627781142408998,1775166.091924548,1.3593206194146312,0,0,0,0,0,0,1,0,0,0,0,0,0,0,0,0,1,0,0,0,0
-0.3780741515946239,-0.3443356115043728,-0.44779502514724795,-0.9127600516957498,0,1940.0,1,0,0.0,-0.15826400459663023,-0.18305724593958592,-0.0627781142408998,745956.9474462342,-0.22456414467423338,0,0,1,0,0,0,0,0,1,0,0,0,1,0,0,0,1,0,0,0,0
1.297364016627005,0.186292437266224,0.7995698745615187,-0.9127600516957498,0,1926.0,1,0,2.0,-0.09287354034531392,0.2682910665240416,1.0279916206947353,2046518.4166101413,1.134037363793961,0,0,1,0,0,0,1,0,0,1,0,0,0,1,0,0,1,0,0,0,0
-0.4499028748631266,-0.3443356115043728,-0.44779502514724795,-0.9127600516957498,0,1941.0,1,0,0.0,0.44165071000577444,-0.12960304618198237,-1.5171377608217465,1037724.953104395,-0.32445335643581813,0,1,0,0,0,0,0,0,0,0,1,0,0,0,0,0,1,0,0,0,0
1.5670057082045237,0.7169204860368208,0.17588742470713542,1.4750752152874853,0,1985.0,0,0,1.0,-0.6576332785334893,-0.2503178083841471,-0.7899579375313232,3136648.7713166648,0.7762087274268826,0,1,0,0,0,1,0,0,0,1,0,0,0,0,1,0,0,0,0,1,0
0.588493264844958,0.7169204860368208,0.7995698745615187,-0.11681496270133813,0,1976.0,1,0,1.0,-0.1849298799972158,-0.2587791892595238,-1.1535478491765347,2749925.751754513,-0.04025715601128324,0,1,0,0,0,1,0,0,0,1,0,0,1,0,0,0,0,1,0,0,0
-0.47901494226862906,-0.3443356115043728,-1.0714774750016314,-0.9127600516957498,0,1948.0,0,0,0.0,0.8343323149857564,0.10148089027985197,0.30081179740431185,845864.9167427548,-0.3649382952396925,0,1,0,0,0,0,0,0,0,0,0,0,0,1,0,0,0,1,0,0,0
-0.19664241691457893,0.186292437266224,0.7995698745615187,-0.5147875071985439,0,1920.0,0,0,0.0,-0.6289740293868381,0.007099773174027185,-1.1535478491765347,1203631.1285498156,-0.42420199598850966,0,1,0,0,0,0,0,0,0,0,0,0,0,1,0,0,0,1,0,0,0
0.45344804612983597,1.7781765835780143,1.423252324415902,-0.9127600516957498,0,1855.0,0,0,0.0,-0.09428694171403004,0.21244853291075722,-0.0627781142408998,1516306.9189690575,-0.6178256373866625,0,0,0,1,0,0,0,0,0,0,0,0,0,1,0,0,1,0,0,0,0
-1.0639983552168595,-1.4055917090455665,-1.6951599248560147,0.2811575817958677,1,1852.0,1,1,0.0,0.12538960254856255,-0.2762038782004089,1.7551714439851585,456781.3230943722,0.024737370140967264,0,0,0,1,0,0,0,1,0,0,1,0,0,1,0,1,0,0,0,0,0
-0.34850189364435913,0.186292437266224,0.17588742470713542,-0.11681496270133813,0,1954.0,0,0,0.0,-0.9886967320167915,-0.20837232230420744,-0.7899579375313232,904957.575284376,-0.5825904797886547,0,0,1,0,0,0,0,0,0,0,1,0,0,1,0,0,0,0,1,0,0
1.3359175933452263,0.186292437266224,0.17588742470713542,-0.9127600516957498,0,1864.0,0,0,0.0,0.017629405609862175,-0.30308947679394677,-0.42636802588611145,1739215.139423209,1.174248503019322,0,0,0,1,0,0,1,0,1,0,0,0,0,1,0,0,1,0,0,0,0
-1.0509051737764716,-1.4055917090455665,-1.0714774750016314,-0.5147875071985439,0,1966.0,1,0,1.0,-1.4604215871229356,-0.1074719439299538,0.6644017090495236,425766.9289483599,0.07936179532987657,0,0,0,0,0,0,0,1,0,1,0,0,1,0,0,0,1,0,0,0,0
-1.0504194846781298,-1.4055917090455665,-1.6951599248560147,-0.11681496270133813,0,2012.0,1,0,0.0,-0.15539689783908428,0.009065010952652273,-1.5171377608217465,316538.2133989594,0.08138807808920753,1,0,0,0,0,0,0,1,0,0,0,0,0,1,0,0,0,0,1,0,0
-1.171636282128754,-1.4055917090455665,-1.6951599248560147,0.6791301262930736,1,1975.0,1,0,0.0,0.6144938409296025,0.2486167390824607,-0.0627781142408998,225059.337755337,-0.42432536628086903,0,0,0,1,0,0,0,1,1,0,0,0,1,0,0,0,0,1,0,0,0
0.07053959187991556,0.186292437266224,0.17588742470713542,-0.5147875071985439,0,1947.0,1,0,0.0,1.0634720803679218,0.3112113613810678,0.30081179740431185,1792384.713979437,-0.1455328330034499,0,1,0,0,0,1,0,0,0,0,1,0,1,0,0,1,0,0,0,0,0
1.2607017413432704,1.2475485348074176,1.423252324415902,-0.9127600516957498,0,1990.0,1,0,1.0,-0.7054697926173182,-0.1074719439299538,1.7551714439851585,2236588.5251967064,0.13718449176000935,0,1,0,0,0,0,1,0,0,0,0,0,1,0,0,0,1,0,0,0,0
0.09458615547425075,1.2475485348074176,0.7995698745615187,-0.9127600516957498,0,1966.0,1,0,0.0,1.0360460649461058,-0.24417678269778378,-0.42636802588611145,893450.9950433297,-0.673649680106951,0,1,0,0,0,0,1,0,0,0,0,0,0,1,0,0,0,1,0,0,0
-0.2922065947737676,-0.3443356115043728,-0.44779502514724795,-0.11681496270133813,0,1940.0,1,0,2.0,-0.6072686867607286,0.7198555314105932,-1.1535478491765347,990320.1882844064,-0.10515171220392681,0,0,0,0,0,1,0,0,0,0,0,0,1,0,0,0,0,0,0,0,1
-1.2441863541424736,-1.4055917090455665,-1.6951599248560147,-0.5147875071985439,0,1956.0,1,0,0.0,0.2208173003665443,-0.16615539401877716,-0.0627781142408998,109416.64604848788,-0.7270024504721101,0,0,0,0,0,0,0,1,0,0,0,1,1,0,0,0,0,1,0,0,0
-0.5258181017522467,0.186292437266224,0.17588742470713542,-0.11681496270133813,0,2010.0,1,0,0.0,-0.7662828465389699,0.6140536288584536,0.30081179740431185,698990.24566675,-0.7675301750924498,0,1,0,0,0,0,0,0,1,0,0,0,1,0,0,0,0,0,0,0,1
1.0723157817151585,0.186292437266224,0.17588742470713542,-0.9127600516957498,0,1887.0,0,0,1.0,0.08393782872557339,-0.08169313346809136,-0.7899579375313232,1298048.2236045566,0.8993134632697067,0,0,1,0,0,0,1,0,0,0,0,0,0,0,0,1,0,0,0,0,0
-0.7146667463883087,-0.3443356115043728,-0.44779502514724795,-0.5147875071985439,0,1999.0,0,0,0.0,-0.09465632731258372,0.3085085027128871,1.7551714439851585,687215.5920995405,-0.6926494376989402,0,1,0,0,0,0,0,0,0,0,0,0,0,0,0,1,0,0,0,0,0
-0.8120314351425899,-0.8749636602749696,0.17588742470713542,1.4750752152874853,1,1975.0,0,0,1.0,-0.31168050798037006,-0.16549670648409553,0.30081179740431185,544480.3243129309,-0.3520535760670583,0,0,0,0,0,0,0,0,0,0,1,0,0,1,0,0,0,1,0,0,0
-0.5405157370574581,-0.8749636602749696,-1.0714774750016314,-0.11681496270133813,0,1978.0,0,0,1.0,-0.4448109156787531,-0.2887696141032722,-0.42636802588611145,955955.6678393933,0.21432477151760113,1,0,0,0,0,1,0,0,0,1,0,0,0,0,1,0,0,0,1,0,0
-0.46381549978834513,-0.3443356115043728,-0.44779502514724795,-0.9127600516957498,0,1939.0,0,0,0.0,-0.32329666364530085,-0.31697162291448916,-1.1535478491765347,586907.0338519183,-0.3438010640669247,1,0,0,0,0,0,0,0,0,0,0,0,1,0,0,0,0,0,0,1,0
0.7821797927824099,0.186292437266224,-0.44779502514724795,-0.9127600516957498,0,2003.0,0,1,0.0,-0.8610946358411027,-0.08841299066814563,-0.42636802588611145,1624513.3260135115,0.5967034426604235,0,0,0,1,0,0,1,0,0,0,0,0,1,0,0,0,0,0,0,1,0
-1.1642227022529164,-1.4055917090455665,-1.6951599248560147,0.6791301262930736,1,1955.0,1,0,0.0,-0.6910447353392634,-0.1588906617321627,-1.5171377608217465,290815.6279595574,-0.39339609663365105,0,0,1,0,0,0,0,1,0,1,0,0,0,1,0,0,1,0,0,0,0
-0.6023798365999479,-0.8749636602749696,-1.0714774750016314,1.0771026707902793,1,1926.0,0,0,0.0,-1.035086800167153,-0.2576350125557574,-1.1535478491765347,959011.40125518,0.08527703423832915,0,0,0,1,0,0,0,0,0,0,0,0,1,0,0,1,0,0,0,0,0
0.8512294642093222,0.7169204860368208,0.7995698745615187,-0.9127600516957498,0,2008.0,1,0,1.0,-1.1090284692988217,0.13155143547055492,1.0279916206947353,2508646.106575321,0.17896861324792843,0,0,0,1,0,0,1,0,0,1,0,0,1,0,0,0,0,0,1,0,0
-0.6476836676427546,-0.8749636602749696,-1.0714774750016314,0.2811575817958677,1,1966.0,0,0,2.0,-1.420393447902788,-0.28032814700097486,1.0279916206947353,800911.248216435,-0.009226190239079383,0,0,0,1,0,0,0,0,0,0,1,0,1,0,0,0,1,0,0,0,0
0.23587984339993504,0.186292437266224,0.17588742470713542,-0.9127600516957498,0,1914.0,1,0,1.0,-0.554325711819558,-0.048215545112130595,-0.42636802588611145,1225219.3401833838,0.02691601453202271,0,0,0,1,0,0,1,0,0,0,0,0,0,1,0,0,0,0,1,0,0
-1.1118837956105638,-1.4055917090455665,0.17588742470713542,0.6791301262930736,1,1934.0,1,0,0.0,-0.7679912403493652,-0.26022662654831014,-0.0627781142408998,326188.3457308583,-0.17503948839666514,0,0,0,0,0,0,0,1,0,1,0,0,0,1,0,0,1,0,0,0,0
0.2787383688759105,1.2475485348074176,1.423252324415902,-0.9127600516957498,0,1871.0,0,1,0.0,-0.4343580517977332,-0.18784495062860343,-1.5171377608217465,1049944.8132581045,-0.5456032760794054,1,0,0,0,0,0,1,0,0,0,0,0,1,0,0,0,0,0,1,0,0
-0.5345262008882973,-0.3443356115043728,-1.0714774750016314,0.2811575817958677,0,1983.0,0,0,0.0,-0.07951802569806077,0.09257565865468664,0.6644017090495236,550145.0885181276,-0.442135488995796,1,0,0,0,0,0,0,0,0,0,0,0,0,1,0,1,0,0,0,0,0
-0.6649725814245124,-0.8749636602749696,-1.0714774750016314,1.0771026707902793,1,1970.0,1,0,1.0,-1.2760454045363703,-0.013485364550172137,-0.0627781142408998,686105.9853904714,-0.04529064797873979,0,0,1,0,0,0,0,0,0,0,0,0,0,0,1,0,0,0,0,0,0
-0.8698334897367196,-0.8749636602749696,-1.0714774750016314,-0.5147875071985439,0,1993.0,0,0,2.0,-0.6674930390109736,0.1625088923215289,-0.0627781142408998,532271.8170153432,-0.4726279384295495,0,0,0,0,0,0,0,0,0,0,1,0,0,1,0,0,1,0,0,0,0
1.4600500304774742,0.186292437266224,-0.44779502514724795,-0.9127600516957498,0,1995.0,0,0,1.0,-0.7411551684804516,0.13910427996164323,-1.5171377608217465,1919704.7547875529,1.303717858051927,0,0,0,0,0,0,1,0,0,1,0,0,1,0,0,0,1,0,0,0,0
-0.9425200881808231,-1.4055917090455665,-1.0714774750016314,-0.11681496270133813,0,1995.0,1,0,1.0,-1.1011391347590644,-0.147101445922155,-1.1535478491765347,359375.6723989867,0.5315416590756399,0,0,0,0,0,0,0,1,1,0,0,0,0,1,0,0,0,0,1,0,0
0.357328615201838,0.186292437266224,0.7995698745615187,-0.9127600516957498,0,1954.0,1,0,0.0,1.3536331534521342,-0.24275758106460832,1.0279916206947353,1245252.94578807,0.15358632342108894,0,1,0,0,0,0,0,0,0,0,0,0,1,0,0,0,0,0,0,0,1
0.2814715139041356,0.7169204860368208,0.17588742470713542,1.0771026707902793,0,2021.0,0,0,1.0,-0.03685860164322941,-0.13846535216843345,-1.5171377608217465,1313753.6989244798,-0.2964345677731472,1,0,0,0,1,0,0,0,0,0,1,0,0,1,0,0,1,0,0,0,0
-0.9850318910960184,-1.4055917090455665,-1.0714774750016314,-0.5147875071985439,0,1998.0,1,0,0.0,-0.8064441638510746,0.07057730601570784,0.30081179740431185,344830.2318836031,0.3541834815723737,0,0,0,0,0,0,0,1,0,0,0,0,0,0,0,0,0,0,1,0,0
-0.37627153197946994,0.186292437266224,0.17588742470713542,-0.11681496270133813,0,1986.0,1,1,0.0,-0.48205734955292046,-0.2810129942810106,0.30081179740431185,1211219.59776444,-0.6115540387728802,0,1,0,0,0,0,0,0,0,0,0,0,1,0,0,0,0,0,1,0,0
-0.2353024854894744,-0.3443356115043728,-1.0714774750016314,0.6791301262930736,1,1962.0,1,0,2.0,0.2780108336761319,0.34514352017142935,-0.7899579375313232,1009818.8152851356,-0.02601753907996109,0,0,0,1,0,0,0,0,1,0,0,0,0,1,0,0,1,0,0,0,0
-0.7396876625182567,-0.8749636602749696,-1.0714774750016314,1.0771026707902793,1,2013.0,0,0,2.0,-0.5342363466252995,-0.422005645010992,-0.42636802588611145,711533.5135389745,-0.20114537191540346,1,0,0,0,0,0,0,0,0,1,0,0,1,0,0,0,0,0,1,0,0
-0.6406622709075886,-0.3443356115043728,-0.44779502514724795,1.0771026707902793,1,1991.0,0,0,0.0,1.340932080340519,0.4456319367825064,0.30081179740431185,351014.76919515035,-0.5897344980171403,0,0,0,1,0,0,0,0,0,0,0,1,0,1,0,0,0,0,0,1,0
-1.1202843101823234,-1.4055917090455665,-1.6951599248560147,-0.9127600516957498,0,1967.0,0,0,0.0,0.6617698752907226,-0.13954297597925747,-0.0627781142408998,349103.5538847045,-0.2100862248879175,0,1,0,0,0,0,0,1,0,0,1,0,0,0,0,1,0,0,0,0,0
-0.8074636771862959,-0.3443356115043728,0.17588742470713542,-0.11681496270133813,0,1982.0,0,1,1.0,3.8252385524420016,-0.21640056821089276,-1.5171377608217465,437913.8018165472,-0.8216982617557914,0,1,0,0,0,0,0,0,1,0,0,0,0,1,0,0,1,0,0,0,0
0.766727990420235,1.2475485348074176,1.423252324415902,-0.5147875071985439,0,2017.0,0,1,0.0,0.017945355740208557,0.6910265612077865,-1.5171377608217465,2019735.2145801943,-0.2062898619895888,0,1,0,0,0,0,0,0,0,0,0,0,0,0,0,0,0,1,0,0,0
1.1749161382092268,0.186292437266224,0.7995698745615187,-0.9127600516957498,0,1923.0,1,0,2.0,2.0346480350203215,-0.2153025730391856,-0.0627781142408998,1503728.938999089,1.006324992957554,0,0,0,0,0,0,1,0,0,0,0,0,0,1,0,1,0,0,0,0,0
-0.1421140290963328,-0.3443356115043728,-0.44779502514724795,0.2811575817958677,0,2019.0,0,0,1.0,-0.8499693115776593,-0.23677550416751592,-0.7899579375313232,1303806.3747936236,0.10357576330401108,0,1,0,0,1,0,0,0,0,0,0,0,0,1,0,0,0,0,1,0,0
0.928383925035899,0.7169204860368208,1.423252324415902,-0.9127600516957498,0,1959.0,0,1,0.0,-0.6132668372230818,-0.24718510875870126,0.30081179740431185,2232876.3534289477,0.24334590905797113,0,1,0,0,0,0,1,0,0,1,0,0,0,1,0,0,0,0,0,1,0
-0.16693408344857905,-0.3443356115043728,-0.44779502514724795,-0.9127600516957498,0,1945.0,0,1,0.0,-0.8228550479016907,-0.2956414038815797,-0.0627781142408998,870008.2044627757,0.069059548170159,0,0,1,0,0,0,0,0,0,0,1,0,1,0,0,0,0,0,0,0,1
0.970339084819372,0.186292437266224,-0.44779502514724795,-0.9127600516957498,0,1966.0,0,0,0.0,0.10095785755657757,-0.1074719439299538,-0.0627781142408998,1021148.812864964,0.7929524066396259,1,0,0,0,0,0,1,0,0,0,0,1,0,1,0,0,0,1,0,0,0
-1.0970353819316936,-1.4055917090455665,-1.6951599248560147,-0.5147875071985439,0,1966.0,0,1,0.0,0.20260108535077645,0.31228685173697246,-0.0627781142408998,224267.29808059387,-0.11309227825005183,1,0,0,0,0,0,0,1,1,0,0,0,0,0,0,0,0,0,0,1,0
-1.200209129526809,-1.4055917090455665,-1.6951599248560147,0.2811575817958677,1,1960.0,1,0,1.0,1.1132425142459934,-0.17873160879331687,1.0279916206947353,174997.07072368226,-0.5435305703204885,1,0,0,0,0,0,0,1,0,0,0,0,0,1,0,0,0,0,1,0,0
-0.619826460512367,-1.4055917090455665,-1.6951599248560147,1.8730477597846913,1,2008.0,0,0,0.0,-1.1839326665551453,-0.1074719439299538,1.0279916206947353,664530.1285602994,1.8778113952560829,0,0,0,0,0,0,0,1,0,0,0,0,0,0,1,0,0,0,1,0,0
-1.1973430544738428,-1.4055917090455665,-1.6951599248560147,-0.5147875071985439,0,1990.0,0,0,0.0,0.5396782615967027,-0.1074719439299538,0.6644017090495236,194638.29720629635,-0.5315733769500813,0,0,0,0,0,0,0,1,0,0,0,0,1,0,0,0,1,0,0,0,0
-1.2234938638906767,-1.4055917090455665,-1.6951599248560147,-0.5147875071985439,0,1966.0,1,0,1.0,-0.18708244969488863,0.17010619246490194,-1.5171377608217465,204957.0057053321,-0.6406738991663976,0,0,0,0,0,0,0,1,1,0,0,0,0,1,0,0,0,0,0,0,0
-1.0943090948677303,-1.4055917090455665,-1.0714774750016314,-0.9127600516957498,0,1956.0,0,0,1.0,-0.11818257381642512,-0.13237695165705107,-0.42636802588611145,272618.33735410066,-0.10171827687025117,0,0,1,0,0,0,0,1,0,0,0,0,0,0,0,0,0,0,0,1,0
-0.2706078748853337,0.186292437266224,0.17588742470713542,2.668992848779103,1,1959.0,1,0,1.0,-1.2543214017334208,-0.2190279724024765,1.0279916206947353,1271505.26509465,-0.501347505731161,0,0,1,0,0,1,0,0,0,0,1,0,0,0,0,0,0,0,1,0,0
-1.0342673000603682,-1.4055917090455665,-1.6951599248560147,-0.9127600516957498,0,1986.0,0,1,0.0,-0.5239841954972032,0.1107490375456904,1.391581532339947,372099.1277966538,0.14877458795370796,0,0,0,0,0,0,0,1,0,1,0,0,0,0,1,0,0,0,0,1,0
0.20558822340083807,0.7169204860368208,0.7995698745615187,-0.9127600516957498,0,1925.0,1,0,1.0,1.5463062543975175,-0.09220995472006713,1.0279916206947353,535970.9482967994,-0.35975120543005157,0,0,0,0,0,0,1,0,0,0,0,1,0,1,0,0,0,0,0,1,0
-0.19326701845592972,0.186292437266224,0.17588742470713542,0.2811575817958677,1,1993.0,1,0,0.0,0.24711654334691685,0.11598810186909975,-0.0627781142408998,907484.8281978192,-0.4206814765214361,0,0,1,0,0,0,0,0,0,0,0,0,1,0,0,0,1,0,0,0,0
-0.611998504939007,-0.8749636602749696,-1.0714774750016314,0.2811575817958677,0,1900.0,0,0,0.0,1.3047518019464708,0.5232449245111087,-1.5171377608217465,552827.3144512265,0.06521261248201121,0,1,0,0,0,0,0,0,1,0,0,0,0,0,0,0,0,0,1,0,0
1.0088462594309537,0.186292437266224,0.17588742470713542,-0.5147875071985439,0,1891.0,0,0,1.0,1.282481887285901,0.019339564442414036,0.6644017090495236,1400197.338143637,0.8331151487581744,0,0,1,0,1,0,0,0,1,0,0,0,1,0,0,0,0,1,0,0,0
-0.41691595404096926,0.186292437266224,0.7995698745615187,-0.5147875071985439,0,1966.0,1,0,0.0,1.6663633469668793,-0.3591441695655889,-0.7899579375313232,590782.5254325399,-0.6539459166054975,0,0,0,1,0,0,0,0,0,0,0,1,0,0,0,0,1,0,0,0,0
-1.0511977806094597,-1.4055917090455665,-1.6951599248560147,0.2811575817958677,0,1929.0,1,0,0.0,-0.784735797713599,0.08955520030046582,-1.5171377608217465,258224.68760980145,0.07814104694789813,0,0,0,0,0,0,0,1,0,0,1,0,0,1,0,0,0,0,0,0,1
0.908598605672735,0.7169204860368208,0.17588742470713542,-0.9127600516957498,0,1938.0,0,0,0.0,-0.4290234139241702,-0.1074719439299538,-1.1535478491765347,1184772.5245493434,0.2268371376442019,1,0,0,0,0,0,1,0,0,0,0,0,0,0,0,0,0,0,1,0,0
-0.007925742111080778,0.7169204860368208,0.7995698745615187,0.2811575817958677,1,1951.0,1,0,1.0,0.1548634399542494,-0.012871059713541837,0.30081179740431185,673402.6043421251,-0.5379061892129368,0,0,0,0,0,0,0,0,0,0,0,1,0,1,0,0,1,0,0,0,0
-0.5133857583125759,-0.3443356115043728,-0.44779502514724795,-0.9127600516957498,0,1861.0,1,0,1.0,0.5114326315911775,-0.12695682319092746,-1.5171377608217465,896518.704847743,-0.41273635660016506,1,0,0,0,0,0,0,0,0,1,0,0,0,1,0,1,0,0,0,0,0
1.5627855042754502,0.7169204860368208,0.17588742470713542,-0.9127600516957498,0,1973.0,0,1,0.0,1.1632365984175634,-0.05300615361687808,-0.0627781142408998,1705805.8725885518,0.772687410398547,0,1,0,0,0,0,1,0,0,0,0,0,0,0,0,0,0,1,0,0,0
1.1066037650187854,1.2475485348074176,1.423252324415902,3.8629104822707205,0,1991.0,0,0,0.0,-1.1499103569531595,-0.3059692726153893,1.391581532339947,1555662.1773085468,0.030035675181656427,1,0,0,0,0,0,1,0,0,1,0,0,1,0,0,0,0,1,0,0,0
-0.18289138355700496,0.186292437266224,0.17588742470713542,3.066965393276309,1,1949.0,0,0,1.0,-1.4622723658377386,0.6693820569669018,-0.42636802588611145,939726.7588895342,-0.40985975425889465,1,0,0,0,0,0,0,0,0,0,0,0,1,0,0,0,0,0,0,1,0
-1.2380261630125682,-1.4055917090455665,-1.6951599248560147,-0.11681496270133813,0,1966.0,1,1,2.0,-0.3750645572102445,-0.21126095919280488,-1.5171377608217465,385784.067236883,-0.7013022872950437,0,1,0,0,0,0,0,1,0,1,0,0,0,0,0,0,0,0,0,0,0
0.9207356430634237,0.7169204860368208,0.7995698745615187,-0.5147875071985439,0,1941.0,0,0,1.0,1.9334851933093493,-0.1424877219067438,-1.1535478491765347,1574273.7616778088,0.23696422087421987,0,0,0,1,0,0,0,0,1,0,0,0,1,0,0,0,1,0,0,0,0
0.5420452788559884,1.7781765835780143,0.17588742470713542,-0.9127600516957498,0,1966.0,1,0,0.0,0.7834522317357762,0.4698828284738425,0.6644017090495236,842254.4164166049,-0.5650220035363875,0,1,0,0,0,0,1,0,0,0,0,1,0,1,0,0,0,1,0,0,0
0.44663284458893465,0.7169204860368208,1.423252324415902,-0.9127600516957498,0,1937.0,0,0,2.0,0.146671109854652,0.43579737418177567,1.7551714439851585,1099383.2643519435,-0.15862478039384065,1,0,0,0,0,0,1,0,0,0,0,0,0,1,0,0,0,0,1,0,0
-0.5727057284148364,-0.8749636602749696,-0.44779502514724795,0.2811575817958677,1,1988.0,0,0,0.0,-0.7521807720485834,-0.2641538131076676,-0.0627781142408998,429144.5838892807,0.14717685247521875,0,0,0,0,0,0,0,0,0,0,0,1,0,0,0,0,1,0,0,0,0
-0.7200031652089938,-0.3443356115043728,-1.0714774750016314,2.271020304281897,1,1955.0,1,0,0.0,0.9779904714283482,-0.16030031984293472,-0.0627781142408998,629208.2581801721,-0.700070572940831,0,1,0,0,0,0,0,0,0,0,0,0,1,0,0,0,1,0,0,0,0
4.063994770739642,0.7169204860368208,0.7995698745615187,-0.9127600516957498,0,2017.0,0,1,0.0,-1.1484160265937642,-0.16998878863693137,0.6644017090495236,5680366.587085585,2.8596838990645583,0,1,0,0,0,0,1,0,0,0,1,0,0,0,0,0,0,0,1,0,0
-0.7018415396613336,-1.4055917090455665,-1.0714774750016314,-0.9127600516957498,0,1970.0,0,0,0.0,-0.9924507316943826,-0.2437712842537544,-1.5171377608217465,642062.7472565259,1.5356465382476887,0,1,0,0,0,0,0,1,1,0,0,0,0,0,0,1,0,0,0,0,0
-0.3753386717591299,0.186292437266224,0.7995698745615187,0.6791301262930736,1,1972.0,1,0,1.0,-1.1385608717101643,-0.35029158042313463,1.391581532339947,819679.3849574212,-0.6105810714014723,1,0,0,0,0,0,0,0,1,0,0,0,0,1,0,0,0,1,0,0,0
1.3931382824186396,0.186292437266224,0.17588742470713542,-0.11681496270133813,0,1985.0,0,0,0.0,0.2216267335396297,-0.14747747266259184,-1.1535478491765347,3198047.142166715,1.2339293236009996,0,1,0,0,0,1,0,0,0,1,0,0,1,0,0,0,0,1,0,0,0
2.3384407076947924,1.2475485348074176,1.423252324415902,-0.9127600516957498,0,1968.0,0,0,0.0,0.1342978721913614,-0.13822859414981548,1.7551714439851585,3364758.16925662,0.8865678229322462,0,0,1,0,0,0,1,0,0,0,1,0,1,0,0,0,0,1,0,0,0
-0.7204183212080162,-0.8749636602749696,-1.0714774750016314,1.0771026707902793,1,2006.0,0,1,0.0,-0.7979140817367423,-0.2595947466315656,-0.0627781142408998,852117.554135821,-0.16094976714076925,1,0,0,0,0,0,0,0,0,1,0,0,0,1,0,1,0,0,0,0,0
-0.36180378840156147,0.186292437266224,-0.44779502514724795,1.4750752152874853,1,1981.0,1,0,0.0,-0.2634405018141757,-0.3103929673960556,0.30081179740431185,807914.0391310613,-0.5964642727690649,0,0,0,0,0,0,0,0,1,0,0,0,0,1,0,0,0,0,0,0,0
-1.1751253565797117,6.023200973742789,-1.6951599248560147,2.271020304281897,1,2013.0,1,1,2.0,-0.40211798848835795,0.14236327698083803,0.6644017090495236,171646.8597058302,-1.6906333711468524,0,0,0,0,0,0,0,1,0,0,0,1,0,0,0,0,0,0,1,0,0
3.371741003204673,0.186292437266224,-0.44779502514724795,-0.5147875071985439,0,1931.0,1,0,0.0,-1.3238212072489577,-0.3033091964464236,1.0279916206947353,4271348.367843606,3.2975995780809764,1,0,0,0,0,0,0,0,1,0,0,0,0,0,0,1,0,0,0,0,0
-0.21396808055081729,0.186292437266224,0.7995698745615187,-0.9127600516957498,0,1971.0,1,0,0.0,-1.0300595844321274,-0.12123639262807091,-1.5171377608217465,761933.338366083,-0.44227255472656013,0,0,0,0,0,0,0,0,0,0,0,0,0,0,0,0,0,1,0,0,0
0.08134489210217727,0.186292437266224,-0.44779502514724795,-0.11681496270133813,0,1907.0,1,0,1.0,0.8571230247965588,-0.05706676392606054,1.7551714439851585,1317524.3399501466,-0.13426297249777502,0,0,1,0,0,1,0,0,1,0,0,0,0,0,1,0,0,1,0,0,0
0.28912477876606874,0.7169204860368208,0.7995698745615187,-0.9127600516957498,0,1934.0,1,1,2.0,-0.4862148533750918,-0.1074719439299538,-0.0627781142408998,1195186.932804885,-0.29004872189138114,0,0,1,0,0,0,1,0,0,0,0,0,0,1,0,0,0,1,0,0,0
0.6752330974539421,0.186292437266224,-0.44779502514724795,-0.9127600516957498,0,1984.0,1,1,1.0,-1.0060167334630208,-0.256190653521679,-0.42636802588611145,977992.9787842171,0.48515870877033074,1,0,0,0,0,0,1,0,0,0,0,1,0,1,0,1,0,0,0,0,0
1.152593301767213,0.186292437266224,0.17588742470713542,-0.9127600516957498,0,1939.0,0,0,1.0,-0.6651092765509461,-0.40140464823948285,-1.5171377608217465,1318003.9508087668,0.983042414258428,0,0,1,0,0,0,1,0,0,0,1,0,0,1,0,0,0,0,0,1,0
-0.3899494733049856,-0.3443356115043728,-1.0714774750016314,-0.11681496270133813,0,1966.0,0,1,1.0,-0.9913223790804885,-0.2164549811636222,-1.5171377608217465,1160255.1082519423,-0.2410786596354569,0,1,0,0,0,0,0,0,1,0,0,0,1,0,0,1,0,0,0,0,0
0.32805075094271796,0.7169204860368208,0.7995698745615187,-0.9127600516957498,0,1972.0,0,0,0.0,-0.7616568206557776,-0.22381829213828786,-0.42636802588611145,968910.6913415348,-0.25756908560512215,0,0,1,0,0,0,1,0,0,0,0,0,0,1,0,0,0,0,1,0,0
-0.15773043965345507,-0.3443356115043728,-0.44779502514724795,-0.5147875071985439,0,1998.0,1,1,1.0,-0.11431825926680689,-0.1486129049252342,-0.42636802588611145,843313.7884052861,0.08185867200524018,1,0,0,0,0,0,0,0,1,0,0,0,0,1,0,0,0,0,1,0,0
2.188361848160325,-1.4055917090455665,-1.6951599248560147,0.2811575817958677,1,1968.0,0,0,1.0,-0.11553174314761704,0.16923627092976032,-0.0627781142408998,3233082.969258809,13.5935027176334,0,0,1,0,0,0,0,1,1,0,0,0,0,0,0,0,0,1,0,0,0
0.1635676203530894,0.7169204860368208,0.7995698745615187,0.6791301262930736,0,1943.0,1,1,1.0,-0.17819433936156107,0.6364234021120849,0.6644017090495236,1702800.8499205029,-0.3948129862206895,1,0,0,0,0,1,0,0,0,0,1,0,0,1,0,0,0,1,0,0,0
0.27108388289551005,0.186292437266224,0.7995698745615187,-0.9127600516957498,0,2008.0,1,0,1.0,0.1651877395400025,-0.40031256951192284,0.6644017090495236,1097447.5068562103,0.06363360739760578,1,0,0,0,1,0,0,0,1,0,0,0,0,0,0,0,0,1,0,0,0
-0.7782045039278536,-0.3443356115043728,0.17588742470713542,-0.9127600516957498,0,1993.0,0,0,0.0,-0.9503763472345719,-0.06537896527204241,1.0279916206947353,674080.8628298208,-0.7810087489733324,0,1,0,0,0,0,0,0,0,0,1,0,1,0,0,0,0,1,0,0,0
-0.12124585501746131,0.186292437266224,0.17588742470713542,1.4750752152874853,1,1966.0,0,0,0.0,0.20776286332575497,0.0413191465559204,-1.5171377608217465,1193445.3036474036,-0.345563853807381,0,1,0,0,0,0,0,0,1,0,0,0,0,1,0,1,0,0,0,0,0
-0.7574784447551941,-0.8749636602749696,0.17588742470713542,1.0771026707902793,0,2002.0,0,0,0.0,-0.014715653898176048,-0.1999156664350865,-0.7899579375313232,426906.7379660275,-0.23825672097057202,0,0,1,0,0,0,0,0,1,0,0,0,0,0,1,0,0,1,0,0,0
-0.15436164577012187,-0.3443356115043728,-0.44779502514724795,1.4750752152874853,1,1997.0,0,0,1.0,0.2177410094697287,-0.06479900248652351,0.6644017090495236,923184.8054458586,0.08654351325371258,0,1,0,0,1,0,0,0,0,0,0,0,0,1,0,0,0,1,0,0,0
-0.07897265813624998,1.7781765835780143,2.0469347742702855,0.2811575817958677,0,1968.0,0,0,0.0,-0.6460013786006003,0.5099718701421367,-1.5171377608217465,1136581.6737036065,-0.9351464730076734,0,1,0,0,0,1,0,0,1,0,0,0,1,0,0,0,0,0,1,0,0
-0.6142116872031814,-0.8749636602749696,-1.0714774750016314,-0.9127600516957498,0,1966.0,1,1,0.0,0.7999171813118983,-0.14246832108085958,-1.5171377608217465,433923.5855927929,0.060595941981825975,0,0,0,0,0,0,0,0,0,0,0,1,1,0,0,0,0,0,1,0,0
-0.7008536191837214,-0.8749636602749696,-0.44779502514724795,0.2811575817958677,1,1910.0,0,0,1.0,-0.1160539049540251,-0.175115167626131,-0.0627781142408998,616340.8378386751,-0.12013804361371204,0,1,0,0,0,0,0,0,1,0,0,0,0,0,0,0,0,1,0,0,0
0.16522289245141086,1.2475485348074176,1.423252324415902,-0.9127600516957498,0,1996.0,0,0,2.0,-0.7423977144477755,0.2370708635056506,1.7551714439851585,742358.7482107996,-0.6245338970539551,0,0,0,1,0,0,1,0,0,0,0,1,0,0,0,0,0,0,0,0,1
0.05024066547795405,0.186292437266224,-0.44779502514724795,1.0771026707902793,1,1966.0,1,0,0.0,0.8553181570451676,-0.1074719439299538,1.7551714439851585,1178600.8663087878,-0.16670448619766193,0,0,1,0,1,0,0,0,0,0,1,0,1,0,0,0,0,1,0,0,0
0.977804999570173,0.186292437266224,0.17588742470713542,-0.9127600516957498,0,1986.0,1,0,0.0,-0.6452724145215217,-0.28034529149224197,-1.1535478491765347,1396671.7131799324,0.8007393089984736,1,0,0,0,0,0,1,0,0,0,0,0,0,0,0,0,0,1,0,0,0
0.535078272227339,0.186292437266224,0.17588742470713542,-0.9127600516957498,0,1984.0,1,0,1.0,0.11865230661052756,-0.1074719439299538,-0.7899579375313232,1112916.937522903,0.3389781032331677,1,0,0,0,0,0,1,0,0,0,0,0,0,0,0,1,0,0,0,0,0
-0.4707053846963724,-0.3443356115043728,-0.44779502514724795,3.066965393276309,1,1912.0,0,0,0.0,-0.44887727563041196,-0.32843787058160984,0.6644017090495236,702464.4399164064,-0.3533825398508982,1,0,0,0,0,0,0,0,0,0,0,0,0,1,0,0,0,0,0,0,0
-1.0548698461589436,-1.4055917090455665,0.17588742470713542,2.271020304281897,1,1967.0,1,0,0.0,-0.2523141884981529,0.5146800033728488,1.391581532339947,425944.6703747966,0.06282128140353331,0,1,0,0,0,0,0,1,1,0,0,0,0,0,0,0,0,1,0,0,0
0.5928501503164714,0.186292437266224,0.17588742470713542,-0.9127600516957498,0,1966.0,0,1,0.0,-1.13965164769922,-0.016631901466238583,-0.0627781142408998,2026186.3867305429,0.39923381050856405,0,1,0,0,0,0,1,0,0,0,1,0,0,0,0,0,1,0,0,0,0
-0.13777059690471288,-0.3443356115043728,-0.44779502514724795,0.2811575817958677,0,2008.0,1,0,1.0,-0.4223861358961586,-0.20060734709792863,-1.5171377608217465,1161627.414238866,0.10961599342670166,1,0,0,0,0,0,0,0,0,0,1,0,0,1,0,0,1,0,0,0,0
-0.9660244898715024,-1.4055917090455665,-1.6951599248560147,2.668992848779103,1,1955.0,0,1,0.0,-0.6695935197284805,0.06900877857926381,-0.0627781142408998,325741.7651237111,0.43348188364152146,0,0,0,0,0,0,0,1,0,0,0,0,0,0,0,0,0,0,0,0,1
-0.7489869385702006,-0.8749636602749696,-1.0714774750016314,-0.11681496270133813,0,1939.0,1,0,0.0,-0.033273630503706526,-0.3137333939699998,-0.7899579375313232,615445.7877931189,-0.22054354535870166,0,0,0,1,0,0,0,0,0,0,0,0,1,0,0,0,0,1,0,0,0
-0.7506384670056987,-0.3443356115043728,-1.0714774750016314,-0.5147875071985439,0,1949.0,0,1,0.0,0.15894034446109967,0.2666860443670779,-1.1535478491765347,494314.2044817933,-0.7426738103269672,0,0,1,0,0,0,0,0,0,0,0,1,0,1,0,0,0,0,0,0,0
0.15682333682171862,1.2475485348074176,1.423252324415902,-0.9127600516957498,0,1938.0,1,1,0.0,0.4672310714899898,0.06985416248330413,-1.5171377608217465,1191541.46725648,-0.6303743530221142,0,1,0,0,0,0,1,0,0,0,0,0,0,0,1,0,0,1,0,0,0
0.3334825833971303,0.186292437266224,0.7995698745615187,-0.9127600516957498,0,2006.0,0,0,2.0,-0.3802670930285299,0.15286005183816392,0.6644017090495236,1365358.737520856,0.12871506149175677,0,0,0,1,0,0,1,0,0,0,0,0,0,1,0,0,0,0,1,0,0
-0.14432083962260592,0.186292437266224,-0.44779502514724795,0.2811575817958677,1,1998.0,0,0,1.0,-0.16044697943172623,-0.04584488787064281,-0.7899579375313232,1202253.5688990082,-0.3696309183332515,0,0,0,1,0,0,0,0,0,0,1,0,0,1,0,0,0,0,0,1,0
-0.23457365553783674,-0.3443356115043728,0.17588742470713542,-0.9127600516957498,0,2010.0,0,0,1.0,1.2330658038860713,-0.21405833446939854,-1.5171377608217465,659297.8692256919,-0.02500398564249876,1,0,0,0,0,0,0,0,0,0,0,0,1,0,0,0,0,0,0,1,0
0.018972511659867342,1.2475485348074176,2.0469347742702855,0.2811575817958677,1,2010.0,0,0,1.0,-0.8156554066489096,0.36229966409372005,0.30081179740431185,1224774.9088943296,-0.7262260516150884,0,0,1,0,0,1,0,0,0,0,0,0,0,1,0,0,0,0,0,0,1
-0.06154472769203068,0.186292437266224,0.17588742470713542,1.8730477597846913,1,1995.0,1,0,1.0,0.15882828882710162,-0.06391634328284723,1.7551714439851585,739581.2056959275,-0.28329595165294136,1,0,0,0,0,0,0,0,0,0,0,1,0,1,0,0,0,1,0,0,0
0.08935112716268671,0.7169204860368208,0.17588742470713542,1.0771026707902793,1,1961.0,1,0,2.0,-0.4197413830763729,-0.1074719439299538,-0.7899579375313232,1252574.935911368,-0.4567388565451798,0,0,0,0,1,0,0,0,0,0,0,0,0,1,0,0,1,0,0,0,0
-0.08236802285474373,0.186292437266224,0.17588742470713542,-0.9127600516957498,0,2023.0,1,1,0.0,-1.131574750084726,0.21344245756772864,0.30081179740431185,1771372.581322621,-0.30501451818279846,0,1,0,0,0,1,0,0,0,0,1,0,0,1,0,0,0,0,0,1,0
-0.6687937061781498,-0.8749636602749696,-0.44779502514724795,-0.11681496270133813,0,1963.0,0,0,1.0,1.6657621845639061,-0.1074719439299538,0.6644017090495236,309631.0931665382,-0.05326146638497955,0,0,0,0,0,0,0,0,0,0,0,1,0,1,0,0,0,1,0,0,0
0.15286622498208705,0.7169204860368208,0.7995698745615187,1.8730477597846913,1,1980.0,1,0,2.0,-1.3814104589313645,0.13808798555993723,1.391581532339947,1366514.074638456,-0.40374217693757836,1,0,0,0,0,0,0,0,0,0,0,0,0,1,0,0,1,0,0,0,0
-0.33850250782278013,0.186292437266224,0.7995698745615187,-0.5147875071985439,0,1981.0,1,0,0.0,-1.0227813664478498,-0.2175034267743507,-1.5171377608217465,673163.7651282769,-0.5721611829589892,1,0,0,0,0,0,0,0,1,0,0,0,0,1,0,0,0,0,1,0,0
-0.8454666107399018,-1.4055917090455665,-1.6951599248560147,1.8730477597846913,1,1964.0,1,1,0.0,-0.522160690345266,0.27959800441067956,1.0279916206947353,651122.6041721047,0.9364463372802787,0,0,0,0,0,0,0,1,0,0,0,0,0,0,0,1,0,0,0,0,0
-1.0412827927389072,-1.4055917090455665,-1.6951599248560147,0.6791301262930736,1,1892.0,0,0,2.0,1.2171993379808026,-0.12168544961210244,1.0279916206947353,297223.54785215604,0.11950612812773204,1,0,0,0,0,0,0,1,0,0,1,0,0,1,0,0,0,1,0,0,0
0.5288009717618831,0.7169204860368208,0.7995698745615187,2.271020304281897,1,1966.0,1,0,0.0,-0.1796808160379887,-0.11937517020366825,-0.0627781142408998,2014343.1661068257,-0.0900641064872453,0,0,0,1,0,1,0,0,1,0,0,0,0,1,0,0,0,0,1,0,0
-0.32048499048870044,0.186292437266224,0.17588742470713542,1.4750752152874853,1,1879.0,0,0,2.0,0.857994495856299,-0.26757086780172484,-0.0627781142408998,1009522.2575225952,-0.5533690251441317,1,0,0,0,0,0,0,0,0,1,0,0,0,1,0,0,0,0,1,0,0
0.4267821473300429,1.2475485348074176,2.0469347742702855,-0.9127600516957498,0,1965.0,0,0,1.0,-0.40400428584059533,-0.04637352493208264,-1.1535478491765347,1157437.218277814,-0.4426641198263347,0,0,0,1,0,0,1,0,1,0,0,0,0,0,1,0,1,0,0,0,0
0.010943254042597295,0.7169204860368208,0.17588742470713542,-0.11681496270133813,0,1951.0,0,0,1.0,0.3712421740696229,-0.3241724502903742,-1.1535478491765347,726500.5003501503,-0.5221619932972359,1,0,0,0,0,0,0,0,1,0,0,0,0,0,1,0,0,0,0,0,1
0.022189787357886757,0.186292437266224,0.17588742470713542,-0.11681496270133813,0,1904.0,0,0,0.0,-0.8147922904312371,0.21383740585136302,1.391581532339947,1619477.4087341104,-0.19596137651742718,0,0,0,1,0,1,0,0,0,0,0,0,1,0,0,0,0,1,0,0,0
-0.7341919598182463,-1.4055917090455665,-1.0714774750016314,-0.9127600516957498,0,1934.0,1,0,0.0,-0.7796919972623423,0.3452291627190381,0.6644017090495236,515491.2382820023,1.4006813952275103,0,1,0,0,0,0,0,1,0,0,0,1,1,0,0,0,0,1,0,0,0
-0.6453166509460881,-0.3443356115043728,0.17588742470713542,1.4750752152874853,1,1979.0,1,0,2.0,-0.10644317047670189,-0.2274477254264302,0.6644017090495236,769352.7387684603,-0.5962071503507569,0,0,0,1,0,0,0,0,0,0,0,0,0,1,0,0,0,0,0,1,0
-1.133378108705206,-1.4055917090455665,-1.6951599248560147,0.6791301262930736,1,1904.0,1,0,0.0,0.5246210810888727,0.21038739772564197,0.30081179740431185,258786.2025204104,-0.2647132245295473,0,1,0,0,0,0,0,1,1,0,0,0,1,0,0,0,1,0,0,0,0
0.8766292765230816,0.7169204860368208,0.7995698745615187,-0.9127600516957498,0,1930.0,0,0,1.0,1.5290442557921309,-0.26648906105252684,-1.1535478491765347,1374847.0994136038,0.20016208946854389,0,0,0,1,0,0,1,0,1,0,0,0,1,0,0,0,1,0,0,0,0
-0.3444400162622753,-0.3443356115043728,0.17588742470713542,0.6791301262930736,1,1965.0,0,0,0.0,-0.24025194998250052,-0.10602903232385205,1.7551714439851585,822586.5263840548,-0.1777905544758955,1,0,0,0,0,0,0,0,1,0,0,0,0,0,0,0,0,1,0,0,0
0.0640807571601066,1.2475485348074176,2.0469347742702855,2.668992848779103,1,1994.0,0,0,2.0,0.0995870165142227,1.0080863765835748,1.7551714439851585,1408934.3733037158,-0.6948609731204886,0,0,1,0,0,0,0,0,0,0,0,0,0,0,1,1,0,0,0,0,0
0.6789440415725447,0.186292437266224,0.17588742470713542,-0.9127600516957498,0,1966.0,0,0,1.0,-1.245932809737559,-0.1074719439299538,-1.1535478491765347,1270626.5210394615,0.48902920026068675,0,0,0,0,0,0,1,0,0,0,0,0,0,1,0,0,0,1,0,0,0
0.87849158576782,0.7169204860368208,0.7995698745615187,-0.9127600516957498,0,1907.0,0,0,0.0,-0.8444401759411247,-0.21031347861026756,-0.0627781142408998,1119323.9916652094,0.20171599097798212,0,0,0,0,0,0,1,0,0,0,0,0,0,0,0,0,0,1,0,0,0
-0.021534991758428604,0.186292437266224,0.7995698745615187,0.2811575817958677,1,1995.0,0,0,0.0,-0.9064859955898404,0.045675392059626486,-1.5171377608217465,834090.3262499007,-0.24156604747946878,0,0,1,0,0,0,0,0,1,0,0,0,0,0,1,0,1,0,0,0,0
0.8901013931907209,0.7169204860368208,0.7995698745615187,-0.9127600516957498,0,1976.0,0,0,0.0,-0.49981080721386995,-0.15116173163378413,1.391581532339947,1334255.3294664382,0.21140315616265878,1,0,0,0,0,0,1,0,0,0,0,0,0,0,1,0,0,1,0,0,0
0.04005243604995061,1.2475485348074176,1.423252324415902,1.4750752152874853,1,1851.0,1,0,1.0,-1.48329060877361,0.017923817965223153,-0.7899579375313232,1175813.5736993975,-0.7115685654765136,0,0,0,0,0,0,0,0,0,0,0,0,0,0,0,0,0,1,0,0,0
2.989669185774632,1.2475485348074176,1.423252324415902,-0.9127600516957498,0,1938.0,0,0,0.0,-0.9711804841142944,0.04756242058513448,1.0279916206947353,3864991.562261159,1.3393859741676912,0,1,0,0,0,0,1,0,0,0,1,0,1,0,0,0,0,0,1,0,0
-0.6147137215429751,-0.8749636602749696,-1.6951599248560147,-0.9127600516957498,0,1995.0,1,0,1.0,0.7092297903967438,-0.211234201502406,1.391581532339947,583142.5484444266,0.059548704633089276,1,0,0,0,0,0,0,0,1,0,0,0,0,1,0,0,1,0,0,0,0
0.7681252656171906,0.186292437266224,0.7995698745615187,-0.9127600516957498,0,1966.0,0,1,0.0,0.006720538255250908,-0.04772506420842247,0.6644017090495236,1885431.1001161255,0.5820446587888833,0,0,0,1,0,0,1,0,0,0,1,0,1,0,0,0,0,1,0,0,0
0.7982325914275357,1.2475485348074176,1.423252324415902,-0.9127600516957498,0,1964.0,1,0,2.0,-1.5034224478454017,0.33586128995480374,-1.1535478491765347,2018192.091747576,-0.18438379420582207,0,0,0,1,0,0,1,0,0,0,1,0,1,0,0,0,0,1,0,0,0
1.6037296047992704,0.186292437266224,-0.44779502514724795,-0.9127600516957498,0,1966.0,0,0,0.0,-1.0491712780708466,0.18719088122549987,-0.0627781142408998,1959275.916002578,1.4535747548353517,0,1,0,0,0,0,1,0,1,0,0,0,0,0,0,0,0,0,1,0,0
-0.21091522845261748,0.186292437266224,0.17588742470713542,1.0771026707902793,0,1951.0,1,0,1.0,0.5397405139972132,0.019002619739651862,-1.5171377608217465,1225580.5915532971,-0.4390884490947439,0,1,0,0,0,1,0,0,1,0,0,0,0,1,0,1,0,0,0,0,0
-0.7657016004758194,-0.8749636602749696,-1.0714774750016314,-0.5147875071985439,0,1946.0,0,0,2.0,-0.8018292526493837,-0.1074719439299538,-0.0627781142408998,678774.1346722065,-0.2554101208727714,0,1,0,0,0,0,0,0,0,0,0,0,0,1,0,0,0,1,0,0,0
0.36435929592460126,1.2475485348074176,1.423252324415902,0.6791301262930736,1,1999.0,0,0,1.0,-1.061787176623579,-0.1074719439299538,1.0279916206947353,1057582.0271471718,-0.48606854871679167,0,1,0,0,0,0,0,0,0,0,0,1,0,1,0,0,0,0,0,0,1
-0.1125321188166171,1.2475485348074176,1.423252324415902,0.6791301262930736,1,1991.0,1,0,0.0,-0.28893321957502555,-0.29669393573501857,1.0279916206947353,1127039.2096173635,-0.817665055982403,0,0,0,1,0,0,0,0,0,0,0,0,0,0,1,0,0,0,1,0,0
-1.2768396193274876,-1.4055917090455665,-1.6951599248560147,1.0771026707902793,1,1915.0,0,0,1.0,0.4771899239318175,-0.3897793048770054,1.0279916206947353,154029.6557940269,-0.8632310553679731,1,0,0,0,0,0,0,1,0,0,0,0,0,0,0,0,0,1,0,0,0
0.5059635705824455,0.7169204860368208,0.7995698745615187,-0.9127600516957498,0,1983.0,0,0,0.0,1.6087520156635684,-0.17004307799780508,-0.42636802588611145,1016858.9072092044,-0.10911951968708518,1,0,0,0,0,0,1,0,0,0,1,0,1,0,0,0,1,0,0,0,0
-0.773472000550041,-0.8749636602749696,-1.6951599248560147,0.2811575817958677,0,1980.0,1,1,0.0,-0.9717993723370759,-0.1074719439299538,-0.0627781142408998,550838.1930520198,-0.2716190781638133,0,0,0,0,0,0,0,0,0,0,0,0,0,1,0,0,0,1,0,0,0
-0.5115444336881423,0.186292437266224,0.17588742470713542,1.8730477597846913,1,2016.0,0,0,0.0,-1.2193625590148507,0.317977476373819,1.391581532339947,576506.9914435948,-0.7526428286348895,1,0,0,0,0,0,0,0,1,0,0,0,0,0,1,0,0,1,0,0,0
0.39521451599826396,1.2475485348074176,1.423252324415902,-0.9127600516957498,0,1922.0,0,1,1.0,1.4792928020242644,-0.15853007811060707,0.30081179740431185,862246.0857937004,-0.46461401443273387,0,0,0,0,0,0,1,0,1,0,0,0,1,0,0,0,0,1,0,0,0
0.5108169511683895,0.7169204860368208,1.423252324415902,-0.11681496270133813,0,1902.0,0,0,1.0,-1.1561557177511022,-0.3621019970126291,1.7551714439851585,1508710.3801303862,-0.10506988322650081,0,0,0,0,0,0,0,0,1,0,0,0,0,0,1,0,1,0,0,0,0
-0.5069183434496122,0.186292437266224,0.17588742470713542,1.8730477597846913,1,1904.0,1,0,1.0,-0.6896432632445062,-0.24667460895731666,-0.0627781142408998,655527.3139066282,-0.7478178454689904,0,0,1,0,0,0,0,0,0,0,1,0,0,0,0,0,0,0,1,0,0
0.7856179872730564,0.186292437266224,0.17588742470713542,0.2811575817958677,1,1907.0,0,0,0.0,0.25771626586888907,-0.11645551935984624,1.7551714439851585,1260994.265110094,0.6002894579958545,0,0,0,1,1,0,0,0,0,0,0,1,0,0,0,0,0,0,0,0,0
0.7744832531669394,0.7169204860368208,0.7995698745615187,-0.9127600516957498,0,1949.0,0,0,0.0,0.8661283133896776,-0.2365175486031145,1.7551714439851585,1288187.4143568368,0.11493195901375676,0,1,0,0,0,0,1,0,0,0,0,0,1,0,0,0,0,0,0,1,0
0.9806719090283993,1.2475485348074176,1.423252324415902,-0.9127600516957498,0,1988.0,0,1,2.0,0.48417499252020707,-0.24945523681675974,1.7551714439851585,2122033.3170949914,-0.05752841657820047,0,1,0,0,0,0,1,0,0,0,1,0,0,1,0,1,0,0,0,0,0
0.21894603720276756,1.7781765835780143,0.17588742470713542,-0.9127600516957498,0,1986.0,1,0,1.0,-0.5953424041545035,-0.1114030014329509,0.6644017090495236,1040611.9339849488,-0.7575879960464682,1,0,0,0,0,0,1,0,0,0,0,0,0,0,1,1,0,0,0,0,0
-0.3092173699512925,0.186292437266224,-0.44779502514724795,0.2811575817958677,0,1962.0,1,0,1.0,-0.9386887423274979,0.09439726941594967,-1.5171377608217465,1172120.138586906,-0.5416169674432412,0,0,0,1,0,0,0,0,0,0,0,0,1,0,0,1,0,0,0,0,0
-0.4725275131538347,0.186292437266224,0.7995698745615187,-0.5147875071985439,0,1992.0,0,0,1.0,0.0902930542850091,-0.2344710892439464,1.391581532339947,466143.0028396983,-0.7119484247092381,0,0,0,0,0,0,0,0,1,0,0,0,0,1,0,0,0,0,0,0,1
-0.44099506402334704,-0.3443356115043728,0.17588742470713542,1.8730477597846913,1,1952.0,0,0,0.0,0.24974129473215137,-0.1074719439299538,-0.7899579375313232,883306.1515451482,-0.31206563516196584,0,1,0,0,0,0,0,0,0,0,0,0,1,0,0,0,0,1,0,0,0
0.618997211482636,0.186292437266224,0.17588742470713542,-0.9127600516957498,0,1950.0,1,1,0.0,0.7729033858661104,-0.0014341027708419146,0.30081179740431185,1448249.625817485,0.4265050316606538,0,0,0,0,0,0,1,0,0,1,0,0,0,1,0,0,1,0,0,0,0
-0.4958271834380796,0.186292437266224,0.7995698745615187,1.0771026707902793,1,1948.0,1,0,1.0,0.32469151708882915,-0.1767371062274476,-1.5171377608217465,686829.2947768373,-0.7362498349921905,0,0,1,0,0,0,0,0,1,0,0,0,1,0,0,0,0,1,0,0,0
-0.852181364163383,-0.8749636602749696,-1.0714774750016314,0.6791301262930736,1,1917.0,0,0,1.0,-0.7794209641739442,-0.2103134245566276,-1.1535478491765347,410306.94397462753,-0.43580582543905655,0,0,1,0,0,0,0,0,1,0,0,0,0,1,0,0,0,1,0,0,0
-1.1549978689003115,-1.4055917090455665,-1.6951599248560147,0.6791301262930736,1,1941.0,0,0,0.0,1.030655533194296,-0.07812041667074197,1.391581532339947,208507.93134143052,-0.354910322825066,1,0,0,0,0,0,0,1,1,0,0,0,0,0,0,0,0,1,0,0,0
-0.21559599164630008,0.186292437266224,0.17588742470713542,0.2811575817958677,0,1941.0,0,0,0.0,-0.169008241544222,-0.1074719439299538,1.0279916206947353,770028.5858222384,-0.44397045581069045,0,0,0,1,0,0,0,0,0,0,0,1,1,0,0,0,0,0,0,0,0
-0.05252203138358126,0.186292437266224,0.17588742470713542,-0.9127600516957498,0,1987.0,1,0,0.0,0.43436520534201084,-0.37780394705827713,-0.0627781142408998,1533283.5771376584,-0.27388533587275266,0,0,1,0,0,1,0,0,0,1,0,0,1,0,0,0,0,1,0,0,0
0.037245626779965825,0.186292437266224,0.17588742470713542,-0.5147875071985439,0,1915.0,1,1,0.0,-0.46779655073183024,0.042314848100711455,0.30081179740431185,1641988.6011462642,-0.18025823022880366,0,0,0,1,0,1,0,0,1,0,0,0,0,0,1,0,0,1,0,0,0
0.4440310086147897,0.7169204860368208,1.423252324415902,-0.9127600516957498,0,1942.0,1,0,0.0,-0.5409573378926232,-0.3364935849288851,-1.5171377608217465,1025980.3456095852,-0.16079573930356883,1,0,0,0,0,0,1,0,0,0,1,0,0,0,1,0,0,0,1,0,0
-0.1537864439256822,-0.3443356115043728,0.17588742470713542,-0.5147875071985439,0,2002.0,0,0,1.0,0.027346551142433166,-0.043567357142244745,-0.0627781142408998,1169312.9263386503,0.08734342248542902,1,0,0,0,0,1,0,0,0,0,1,0,1,0,0,0,0,0,1,0,0
0.022347708762318775,1.2475485348074176,1.423252324415902,-0.5147875071985439,0,1994.0,0,0,0.0,-0.6252770706365876,0.027597218042203907,1.0279916206947353,1346213.190807563,-0.7238791786458754,0,1,0,0,0,0,0,0,0,0,1,0,0,0,1,0,0,1,0,0,0
1.650671660574457,0.186292437266224,0.17588742470713542,-0.9127600516957498,0,1900.0,0,0,1.0,0.10945105001082672,1.6338502313144083,-0.7899579375313232,2331513.669740018,1.5025350252169207,0,0,0,1,0,0,1,0,0,0,0,0,0,0,1,0,0,0,0,0,0
0.3721106392496972,0.186292437266224,0.7995698745615187,-0.9127600516957498,0,1882.0,0,0,0.0,-0.6397873445446722,0.40618210214190564,-0.42636802588611145,1068888.502430759,0.16900388198810437,0,0,1,0,0,0,1,0,0,0,1,0,0,0,0,0,0,0,1,0,0
-0.14722921893542665,-0.3443356115043728,-0.44779502514724795,-0.11681496270133813,0,1992.0,1,0,0.0,2.7477028309080502,0.32010307033569285,1.391581532339947,487205.7129647887,0.09646228198640568,0,0,1,0,0,0,0,0,0,0,0,1,0,1,0,0,0,1,0,0,0
-0.8857313462687846,-1.4055917090455665,-1.6951599248560147,0.2811575817958677,1,1966.0,0,0,0.0,-0.6499745157997918,0.8109697547091501,-1.1535478491765347,556006.870475565,0.7684628686586482,0,0,0,1,0,0,0,1,0,0,0,0,1,0,0,0,0,0,1,0,0
0.22582744537462338,1.7781765835780143,2.0469347742702855,-0.5147875071985439,0,1966.0,0,1,0.0,0.6992860166304826,-0.19947351845330372,0.6644017090495236,1272618.6554064315,-0.7534867013863509,0,0,0,0,0,1,0,0,0,0,0,0,0,1,0,0,0,0,1,0,0
0.28091485390794513,0.186292437266224,0.17588742470713542,2.271020304281897,1,1966.0,1,0,2.0,0.2600117113448663,-0.28675291540270037,-1.5171377608217465,1528037.31587574,0.07388724863537657,1,0,0,0,0,1,0,0,1,0,0,0,0,1,0,0,0,1,0,0,0
-0.41635017712399003,0.186292437266224,0.7995698745615187,1.4750752152874853,1,1964.0,1,1,0.0,-1.092376345940978,-0.1074719439299538,-0.0627781142408998,795011.7346473706,-0.6533558148220644,0,0,0,0,0,0,0,0,1,0,0,0,0,0,1,0,1,0,0,0,0
-0.7068153615196373,-0.8749636602749696,-1.0714774750016314,1.0771026707902793,0,1944.0,0,0,1.0,-0.5655342197303537,-0.21854492647314408,-0.0627781142408998,701564.1979826995,-0.13257416350200996,0,1,0,0,0,0,0,0,0,0,1,0,0,0,0,0,1,0,0,0,0
0.4153271217194736,0.186292437266224,0.17588742470713542,0.2811575817958677,0,2000.0,1,1,0.0,-0.3566908719137909,-0.05432994644125501,1.7551714439851585,2284769.113201532,0.21407840272903553,1,0,0,0,0,1,0,0,0,1,0,0,0,1,0,1,0,0,0,0,0
-0.5467852764746324,-0.8749636602749696,-1.0714774750016314,0.6791301262930736,1,1987.0,0,0,1.0,-1.2735637049651936,-0.01289727664134604,-0.0627781142408998,2488843.360572014,0.20124659077056126,0,0,0,0,0,0,0,0,0,0,0,0,0,0,0,0,0,1,0,0,0
0.07729738001466316,1.2475485348074176,0.17588742470713542,-0.11681496270133813,0,1952.0,0,0,0.0,-0.25018098677313083,0.2628070521947692,-0.0627781142408998,783031.444397221,-0.6856710698407326,0,0,0,0,0,0,0,0,1,0,0,0,0,0,0,0,0,1,0,0,0
-1.057167772993719,-1.4055917090455665,0.17588742470713542,3.066965393276309,1,1966.0,0,0,1.0,0.966774670132282,-0.22007385415483513,1.0279916206947353,267613.97562899784,0.05323438817614874,0,1,0,0,0,0,0,1,0,0,0,1,0,0,0,0,1,0,0,0,0
1.068264803863338,1.2475485348074176,0.17588742470713542,-0.9127600516957498,0,1920.0,1,0,0.0,0.7737189250431185,-0.27653823822381024,-0.0627781142408998,1204279.0628175265,0.003377477490601345,0,0,1,0,0,0,1,0,1,0,0,0,0,1,0,0,0,0,0,0,1
-0.5629656448274456,-1.4055917090455665,-1.6951599248560147,0.2811575817958677,1,1991.0,1,1,0.0,-1.0264124204758815,0.48311901670292645,-0.42636802588611145,753300.3449004374,2.1150332948152317,1,0,0,0,0,0,0,1,1,0,0,0,1,0,0,0,0,1,0,0,0
0.6628434485870897,1.7781765835780143,2.0469347742702855,-0.9127600516957498,0,2021.0,0,0,0.0,-0.18901888631668487,0.061077731855993786,-1.5171377608217465,1421011.2261747003,-0.49302672639291123,0,0,0,0,0,0,1,0,0,1,0,0,1,0,0,0,0,1,0,0,0
0.8816154826738682,0.7169204860368208,0.7995698745615187,-0.9127600516957498,0,1923.0,0,0,0.0,0.28806155262717553,-0.3034749720407655,-0.7899579375313232,1387177.5243522737,0.20432255491539048,0,1,0,0,0,0,1,0,0,0,1,0,1,0,0,0,1,0,0,0,0
-1.0034329759246827,-1.4055917090455665,-1.6951599248560147,2.271020304281897,1,1966.0,0,0,0.0,-0.10104609113417551,0.22688165602396537,-0.42636802588611145,326521.8796742687,0.27741461632793224,0,0,0,0,0,0,0,1,0,0,0,0,1,0,0,1,0,0,0,0,0
-0.5611661299298272,-0.3443356115043728,-0.44779502514724795,-0.9127600516957498,0,1947.0,1,1,0.0,-1.4010589132696996,-0.1427971829789609,-0.42636802588611145,932519.6271854612,-0.4791825280110342,0,1,0,0,0,0,0,0,1,0,0,0,0,1,0,1,0,0,0,0,0
-0.2124464612149515,-0.3443356115043728,-0.44779502514724795,-0.5147875071985439,0,1986.0,0,0,0.0,-0.049345591767746645,0.007899276820055645,0.30081179740431185,822619.7669987036,0.005767381281930911,0,0,0,1,0,0,0,0,0,0,0,1,1,0,0,0,0,0,0,0,0
-0.284866691140718,-0.3443356115043728,0.17588742470713542,-0.5147875071985439,0,1975.0,0,0,0.0,-0.7134269032067282,-0.1074719439299538,1.7551714439851585,895113.8527073618,-0.09494441413501042,1,0,0,0,0,0,0,0,1,0,0,0,1,0,0,0,0,0,0,0,0
-0.19978022408605012,-0.3443356115043728,-0.44779502514724795,-0.11681496270133813,0,1991.0,0,0,1.0,0.40496346161199187,-0.33441913820768826,1.7551714439851585,1181445.2985650918,0.023381789351830308,0,0,0,1,0,0,0,0,0,0,0,0,0,0,0,0,0,1,0,0,0
2.0042540113214318,1.2475485348074176,2.0469347742702855,-0.9127600516957498,0,1945.0,1,1,0.0,-1.349638203313495,-0.1074719439299538,-0.0627781142408998,3071551.649577117,0.6541980677497737,1,0,0,0,0,0,1,0,0,0,1,0,0,1,0,0,0,1,0,0,0
-0.12932052901588117,-0.3443356115043728,-0.44779502514724795,1.0771026707902793,1,1962.0,0,0,1.0,-1.565367183472914,-0.3977624686200009,-0.7899579375313232,1480134.7387989543,0.1213671506565476,0,0,0,1,1,0,0,0,0,0,1,0,0,1,0,0,1,0,0,0,0
-0.2435460720838263,0.186292437266224,0.7995698745615187,1.0771026707902793,1,1946.0,0,0,1.0,1.3319602583087722,-0.0597751780204367,1.0279916206947353,1044125.948020922,-0.4731222147784186,0,0,0,1,1,0,0,0,0,0,0,0,1,0,0,1,0,0,0,0,0
-0.1471558421997247,-0.3443356115043728,0.17588742470713542,1.0771026707902793,1,2004.0,0,1,1.0,-1.2359427820467643,-0.18168314891520357,1.7551714439851585,1512816.5940823988,0.09656432395454019,0,0,0,0,0,1,0,0,0,0,1,0,0,1,0,0,0,0,0,1,0
-1.1066346994346854,-1.4055917090455665,0.17588742470713542,-0.9127600516957498,0,1966.0,1,0,1.0,4.554284384033044,-0.2709680863957515,-0.7899579375313232,216189.93909817125,-0.15314039055905287,0,1,0,0,0,0,0,1,1,0,0,0,1,0,0,0,1,0,0,0,0
0.2961466738429917,0.186292437266224,0.17588742470713542,-0.9127600516957498,0,1935.0,0,0,1.0,-0.6949372233410007,0.04800694585090288,1.391581532339947,1127444.308958778,0.08977394149763203,0,0,1,0,0,0,1,0,0,0,1,0,0,0,0,1,0,0,0,0,0
-0.5669667641434301,-0.3443356115043728,-1.0714774750016314,1.4750752152874853,1,1900.0,0,0,1.0,-0.8866428388174693,-0.26300999803971065,-0.7899579375313232,972212.976833506,-0.48724922825221945,0,1,0,0,0,0,0,0,0,0,0,0,0,0,0,0,0,0,0,0,0
1.2487560075328963,1.7781765835780143,1.423252324415902,-0.11681496270133813,0,1966.0,1,0,0.0,-0.439761315907487,0.0720458273756241,-0.7899579375313232,1676696.8933715674,-0.14382493668825982,0,0,1,0,0,1,0,0,1,0,0,0,0,0,0,0,0,0,0,1,0
-0.25702313007180105,-0.3443356115043728,0.17588742470713542,2.271020304281897,1,1979.0,0,1,1.0,1.0670468106104947,0.18616993874153306,1.7551714439851585,1317934.4033497567,-0.05622353422443488,0,0,0,1,0,0,0,0,0,0,0,0,0,1,0,0,0,1,0,0,0
0.6795644379202984,0.186292437266224,0.17588742470713542,0.2811575817958677,1,1990.0,1,0,0.0,-0.4373771191388428,-0.222171884841441,-0.0627781142408998,2027932.934195575,0.48967626976857603,0,1,0,0,0,1,0,0,1,0,0,0,0,0,1,0,0,0,0,0,0
-1.143949076717097,-1.4055917090455665,-1.6951599248560147,-0.11681496270133813,0,1939.0,0,1,0.0,-1.1473384251404672,-0.1074719439299538,-0.7899579375313232,454030.807374102,-0.30881503843695496,0,0,0,1,0,0,0,1,0,1,0,0,0,0,1,0,0,0,1,0,0
0.42520475649831874,0.7169204860368208,0.17588742470713542,-0.9127600516957498,0,1971.0,0,1,0.0,1.6918694372195233,-0.23730561703767253,-1.1535478491765347,1085593.833745777,-0.1765042698086387,1,0,0,0,0,0,1,0,0,0,0,0,1,0,0,1,0,0,0,0,0
-0.7386523150219892,-0.3443356115043728,0.17588742470713542,-0.5147875071985439,0,1898.0,0,0,0.0,-0.7883213011218988,-0.317099420712229,0.6644017090495236,557959.2782427799,-0.7260051683237994,0,0,0,1,0,0,0,0,1,0,0,0,0,0,0,0,0,0,1,0,0
-0.40896426790828966,-0.3443356115043728,-0.44779502514724795,1.8730477597846913,1,1873.0,0,0,0.0,0.012155826503644447,-0.3022641633197051,-0.7899579375313232,648344.5231391367,-0.2675217419889108,0,0,1,0,0,0,0,0,1,0,0,0,0,1,0,0,0,1,0,0,0
0.6352214597768399,0.186292437266224,0.17588742470713542,-0.9127600516957498,0,1966.0,1,0,1.0,1.0070734731998,0.7572026671242423,-1.1535478491765347,1284273.256280653,0.44342682109028986,0,0,0,0,0,1,0,0,1,0,0,0,1,0,0,0,0,0,1,0,0
-0.47932545961605594,0.186292437266224,0.7995698745615187,0.2811575817958677,1,1906.0,0,0,1.0,-0.7669091701162948,-0.1074719439299538,1.391581532339947,484555.1863668082,-0.7190386403236493,1,0,0,0,0,0,0,0,0,0,0,1,1,0,0,0,1,0,0,0,0
-1.1155284742613567,-1.4055917090455665,-1.6951599248560147,0.6791301262930736,0,1946.0,0,1,1.0,0.8171925766102154,0.0739270665904915,-0.0627781142408998,236338.60982127945,-0.19024499648530604,0,0,0,0,0,0,0,1,1,0,0,0,0,0,1,0,0,0,1,0,0
-0.7135416358631922,-0.8749636602749696,0.17588742470713542,-0.9127600516957498,0,1972.0,0,0,1.0,0.35428781013060684,-0.2806258124051271,-0.7899579375313232,538419.4959547198,-0.14660508758842944,0,0,0,0,0,0,0,0,0,0,0,0,0,0,0,1,0,0,0,0,0
1.2838034160303444,0.7169204860368208,0.17588742470713542,-0.9127600516957498,0,1983.0,1,1,0.0,-1.0316110194773305,-0.40697839760815424,-0.0627781142408998,1257134.138646594,0.5399061527985713,1,0,0,0,0,0,1,0,0,0,0,1,0,0,0,0,1,0,0,0,0
-0.640842429620572,-0.8749636602749696,-1.0714774750016314,-0.9127600516957498,0,1983.0,1,0,0.0,-0.887682215206607,-0.14334779678889228,0.30081179740431185,593554.2838563027,0.005044546641932163,1,0,0,0,0,0,0,0,0,0,0,0,0,1,0,0,0,1,0,0,0
-1.0635999004949452,-1.4055917090455665,-1.0714774750016314,0.2811575817958677,1,1937.0,0,0,0.0,1.6142239359564672,0.0102736302512332,-0.0627781142408998,266800.1007379478,0.0263997132657053,1,0,0,0,0,0,0,1,0,0,0,0,0,1,0,0,0,1,0,0,0
-0.5088545926948072,0.186292437266224,0.17588742470713542,-0.9127600516957498,0,1966.0,0,0,2.0,1.9026123393939918,-0.014846558965949757,-0.42636802588611145,394047.2471981577,-0.7498373413135027,0,0,1,0,0,0,0,0,0,0,0,1,1,0,0,0,0,0,1,0,0
-1.192243219492422,-1.4055917090455665,-1.6951599248560147,-0.9127600516957498,0,1966.0,1,0,1.0,1.5576009805266988,0.22199217291475673,0.30081179740431185,281662.1342665612,-0.5102969930790757,0,1,0,0,0,0,0,1,0,1,0,0,0,0,1,0,0,1,0,0,0
0.44453116281734656,0.186292437266224,0.17588742470713542,-0.9127600516957498,0,1924.0,1,0,0.0,0.559175532140437,-0.34293657644334224,0.6644017090495236,1544351.2930468866,0.24453803481745645,0,1,0,0,0,0,1,0,0,1,0,0,0,1,0,0,0,0,1,0,0
-1.0926948877674167,-1.4055917090455665,-1.6951599248560147,0.6791301262930736,0,1967.0,0,0,0.0,-1.0446884665067138,0.27009858311885754,-1.1535478491765347,218414.57411744015,-0.09498384525850471,1,0,0,0,0,0,0,1,1,0,0,0,0,0,1,0,0,0,0,1,0
-1.1040442864573503,-1.4055917090455665,-1.6951599248560147,-0.5147875071985439,0,1910.0,0,0,0.0,-0.36186784027679997,-0.03349259402058736,-0.0627781142408998,260618.66636405603,-0.1423332524671336,1,0,0,0,0,0,0,1,0,0,1,0,1,0,0,0,0,0,0,0,1
0.9942651712999362,1.2475485348074176,2.0469347742702855,-0.9127600516957498,0,1985.0,0,0,0.0,0.5749141759419993,-0.0713033488127501,-0.0627781142408998,1332882.280330561,-0.04807662492866318,0,0,1,0,0,0,1,0,0,0,1,0,0,1,0,1,0,0,0,0,0
-1.0258428991097785,-1.4055917090455665,0.17588742470713542,0.6791301262930736,1,1900.0,0,0,1.0,-0.32118350443322635,-0.1436510476979708,-0.0627781142408998,329759.87017438526,0.18392097781945693,0,1,0,0,0,0,0,1,1,0,0,0,1,0,0,0,1,0,0,0,0
-0.8952485831054358,-1.4055917090455665,-1.6951599248560147,-0.5147875071985439,0,1956.0,1,0,0.0,-1.0565944994942218,-0.10206464339552897,-0.7899579375313232,452918.1882172384,0.7287571948347774,0,0,0,0,0,0,0,1,0,0,0,0,0,1,0,1,0,0,0,0,0
0.9158066779900994,0.7169204860368208,0.7995698745615187,-0.9127600516957498,0,1979.0,0,0,2.0,1.7658420653228266,-0.27280784215793513,-1.5171377608217465,1420454.178900553,0.23285151709580842,0,1,0,0,0,0,1,0,0,0,0,0,1,0,0,0,0,1,0,0,0
-0.42052453813324825,-0.3443356115043728,-0.44779502514724795,0.6791301262930736,1,1964.0,1,0,0.0,0.4506707747243797,0.049932861491200735,0.6644017090495236,494821.80520178215,-0.28359812798014566,0,0,0,1,0,0,0,0,0,0,0,1,0,0,0,0,0,1,0,0,0
-0.08640202551988282,0.7169204860368208,0.7995698745615187,1.4750752152874853,1,2001.0,0,0,0.0,1.0049735336057644,-0.1074719439299538,-1.1535478491765347,1377377.2589662587,-0.6033864071673722,0,1,0,0,0,0,0,0,0,0,0,0,0,1,0,0,0,0,0,0,0
-0.8397646700295421,-0.8749636602749696,-1.0714774750016314,-0.9127600516957498,0,1966.0,1,0,0.0,-1.151846379445931,-0.25449046506045797,-1.1535478491765347,602988.5657667128,-0.4099047568983201,0,0,0,1,0,0,0,0,0,0,0,0,0,1,0,0,0,0,1,0,0
-0.6780063260234485,-0.3443356115043728,-0.44779502514724795,1.8730477597846913,1,1966.0,1,0,0.0,0.606877841948885,0.02407169827685565,-0.0627781142408998,411209.9836028463,-0.6416673190358337,0,0,1,0,0,0,0,0,1,0,0,0,0,1,0,0,0,0,0,1,0
0.292724507826221,1.7781765835780143,2.0469347742702855,0.2811575817958677,1,1983.0,0,1,0.0,-1.0747120465303353,0.293972337880405,-1.5171377608217465,1382696.0265672945,-0.7136162914123558,0,0,1,0,0,0,0,0,0,0,0,0,0,1,0,0,0,1,0,0,0
0.5341483693632096,0.7169204860368208,1.423252324415902,-0.9127600516957498,0,1993.0,0,0,0.0,2.140361461973492,-0.06152301338538263,1.7551714439851585,790646.6685322275,-0.08560226470251303,0,0,0,0,0,0,1,0,0,0,0,0,1,0,0,0,1,0,0,0,0
-0.32071342775344097,0.186292437266224,0.17588742470713542,1.4750752152874853,1,1989.0,1,1,1.0,0.5443373592632171,-0.3372439363674901,-0.0627781142408998,784487.9905715545,-0.5536072837815567,1,0,0,0,0,0,0,0,0,0,0,0,0,1,0,0,1,0,0,0,0
0.6951559667169519,0.7169204860368208,0.7995698745615187,-0.9127600516957498,0,1854.0,0,0,0.0,0.46295328254789486,-0.1898803405013695,-0.0627781142408998,1264423.6911200434,0.04874166838263229,0,1,0,0,0,0,1,0,0,0,0,0,1,0,0,0,0,0,1,0,0
1.0691471546684017,1.2475485348074176,2.0469347742702855,-0.9127600516957498,0,1963.0,0,1,1.0,0.3949064157427528,-0.15301040183865514,-0.0627781142408998,2099237.54857252,0.003991001735530153,0,1,0,0,0,0,1,0,0,0,1,0,0,1,0,1,0,0,0,0,0
-0.9883020145134921,-1.4055917090455665,-1.6951599248560147,2.271020304281897,1,1965.0,0,0,1.0,0.20278484952461626,-0.2970222558397153,-1.5171377608217465,355606.6785923498,0.34054060854036355,0,0,0,0,0,0,0,1,1,0,0,0,0,1,0,0,0,0,0,0,0
1.1851485643359534,1.2475485348074176,1.423252324415902,-0.9127600516957498,0,2015.0,1,1,0.0,-0.5862660291080459,-0.36451267695346784,-1.5171377608217465,2041269.55001426,0.08465016458609331,0,1,0,0,0,0,1,0,0,1,0,0,0,1,0,0,0,0,0,0,1
-0.3002604643215375,0.186292437266224,0.7995698745615187,0.2811575817958677,1,1951.0,0,0,1.0,-1.1217532896241387,0.061234018795775245,-0.7899579375313232,810204.3477175385,-0.5322749709291726,0,1,0,0,0,0,0,0,0,0,0,1,0,1,0,0,0,0,1,0,0
0.33458778658903104,0.186292437266224,0.17588742470713542,-0.5147875071985439,0,1965.0,0,0,1.0,-0.8512722449296486,-0.1262513936777209,1.0279916206947353,1804272.85522606,0.1298677815038751,0,0,0,1,0,1,0,0,1,0,0,0,0,0,0,0,0,0,1,0,0
-0.4997653008133918,-0.3443356115043728,-0.44779502514724795,-0.5147875071985439,0,1880.0,0,0,0.0,-0.6307888245794055,-0.25654443414211753,-0.42636802588611145,558538.8696562375,-0.3937949540314481,0,0,0,0,0,0,0,0,1,0,0,0,1,0,0,0,1,0,0,0,0
0.8685733926368038,0.7169204860368208,0.7995698745615187,2.668992848779103,1,1921.0,1,0,2.0,-0.36302953054917264,-0.010165204496511806,1.7551714439851585,2146412.930264585,0.19344030028873274,0,0,1,0,0,1,0,0,1,0,0,0,1,0,0,0,0,0,1,0,0
-1.0845370897086157,-1.4055917090455665,-1.6951599248560147,0.2811575817958677,0,1938.0,1,0,0.0,0.08034539799105754,-0.11117521430927942,0.30081179740431185,230032.1639804473,-0.06094971598304463,0,0,1,0,0,0,0,1,1,0,0,0,1,0,0,0,0,0,0,1,0
0.587255506323207,0.186292437266224,0.17588742470713542,-0.9127600516957498,0,2017.0,1,0,0.0,0.1718320608388883,0.2772738748679051,0.30081179740431185,1227229.9828076006,0.39339863183827595,0,1,0,0,0,0,1,0,0,0,0,0,0,0,0,0,0,0,1,0,0
-0.4923386224017728,0.186292437266224,0.17588742470713542,-0.5147875071985439,0,1943.0,1,0,1.0,-0.021976653474379444,0.051943962302714745,1.0279916206947353,775423.463331134,-0.7326112876648604,0,1,0,0,0,0,0,0,0,0,0,0,0,1,0,0,1,0,0,0,0
-0.18134783471448945,-0.3443356115043728,-0.44779502514724795,-0.9127600516957498,0,1985.0,0,0,0.0,0.4121507707316466,-0.3985364695725473,-0.0627781142408998,1054669.8805800225,0.04901494502306816,0,0,1,0,0,1,0,0,0,1,0,0,0,1,0,0,0,0,0,0,1
-0.7857053886720953,-0.8749636602749696,-1.0714774750016314,-0.9127600516957498,0,1988.0,1,0,0.0,-0.219306711426613,0.2653831750475849,1.391581532339947,488387.5774933461,-0.2971377726584442,0,1,0,0,0,0,0,0,0,0,0,1,0,0,0,0,0,0,0,0,0
-1.0047910684301362,8.676341217595771,-1.6951599248560147,-0.11681496270133813,0,1966.0,0,0,1.0,-0.6995570118596219,-0.2511634017919611,-0.0627781142408998,343445.4147742153,-1.6774545603071838,0,0,1,0,0,0,0,1,0,0,0,0,0,1,0,0,0,1,0,0,0
3.6087793006983055,-0.3443356115043728,-1.0714774750016314,0.2811575817958677,1,2011.0,0,0,2.0,-0.8876381201989968,-0.10994184782055115,0.6644017090495236,4479319.466014475,5.319786786774461,0,0,0,1,0,0,0,0,0,0,0,0,0,0,0,0,0,1,0,0,0
-0.12235442986121242,1.2475485348074176,0.7995698745615187,1.0771026707902793,1,1932.0,0,0,1.0,0.37000115567421454,0.12735651636213755,-0.7899579375313232,1128110.7312641854,-0.8244947952794119,0,1,0,0,0,0,0,0,0,0,0,0,0,1,0,0,1,0,0,0,0
-0.46759850984176005,0.186292437266224,0.17588742470713542,0.6791301262930736,1,1995.0,0,1,1.0,-1.2720289002287428,-0.2917381635813222,1.0279916206947353,712716.0095082923,-0.7068075051034465,0,0,1,0,0,0,0,0,0,0,0,0,0,0,0,0,0,0,1,0,0
-1.1464705046159636,-1.4055917090455665,0.17588742470713542,1.4750752152874853,1,1950.0,1,0,1.0,-0.002597451753403652,-0.15365170172274392,-1.1535478491765347,220852.20256688335,-0.31933437250850577,0,0,1,0,0,0,0,1,1,0,0,0,1,0,0,0,0,1,0,0,0
-0.9436048664521418,-0.8749636602749696,0.17588742470713542,1.0771026707902793,1,1989.0,0,0,2.0,4.869607735909607,-0.12411957303283302,-1.1535478491765347,234597.88295327005,-0.6265141068455858,0,0,0,1,0,0,0,0,1,0,0,0,0,1,0,0,0,1,0,0,0
-1.0779786549892618,-1.4055917090455665,0.17588742470713542,-0.5147875071985439,0,1974.0,0,0,0.0,0.6495732941182315,0.32383694759282383,-0.0627781142408998,168420.44201541715,-0.03358809052060194,1,0,0,0,0,0,0,1,0,0,0,1,0,0,1,0,0,0,1,0,0
0.10247925818723745,0.186292437266224,0.17588742470713542,-0.9127600516957498,0,1945.0,1,0,1.0,1.0393631232334468,0.1509101262505832,-1.1535478491765347,1198485.6853806542,-0.11221996094278101,0,0,0,1,1,0,0,0,1,0,0,0,1,0,0,0,1,0,0,0,0
-0.22621327682109224,0.186292437266224,-0.44779502514724795,-0.9127600516957498,0,1932.0,0,1,2.0,-1.1197036502913431,-0.2670707734356497,-1.5171377608217465,1206050.7862991183,-0.45504421779856713,0,0,0,0,0,1,0,0,0,0,0,0,0,1,0,0,1,0,0,0,0
-0.495192352872202,0.186292437266224,0.17588742470713542,-0.9127600516957498,0,2005.0,1,0,2.0,-1.5355466736811831,-0.3786489780163021,-0.0627781142408998,901252.608057164,-0.7355877106851362,0,0,1,0,0,0,0,0,0,0,0,0,1,0,0,0,0,1,0,0,0
1.7995284106180929,0.186292437266224,0.17588742470713542,-0.9127600516957498,0,1894.0,0,0,0.0,0.4157527540274517,-0.10491933362074869,-0.7899579375313232,2147421.742740188,1.6577916838763087,0,0,0,1,0,0,1,0,1,0,0,0,1,0,0,0,0,0,0,0,0
-0.30259589820009536,-0.3443356115043728,0.17588742470713542,-0.11681496270133813,0,1966.0,1,0,1.0,0.07167011335619959,-0.32421095256699306,-0.42636802588611145,918130.3201156344,-0.11959968347202923,1,0,0,0,0,0,0,0,0,0,0,0,0,1,0,0,0,1,0,0,0
-0.0184113998250366,1.7781765835780143,2.0469347742702855,1.0771026707902793,1,1993.0,0,0,0.0,0.6903552063871781,0.06777981038621009,1.391581532339947,818711.9842517086,-0.8990521796423088,0,0,1,0,0,0,0,0,1,0,0,0,0,1,0,0,1,0,0,0,0
1.769994480821652,0.186292437266224,0.17588742470713542,-0.9127600516957498,0,1992.0,1,0,0.0,0.30155815467642666,-0.23724134951407924,-0.0627781142408998,1657002.829340462,1.6269879799399252,0,0,0,0,0,0,1,0,1,0,0,0,0,0,0,0,0,0,0,0,0
-0.963551122558141,-1.4055917090455665,-1.6951599248560147,-0.5147875071985439,0,1981.0,0,0,0.0,-0.4019275425653188,-0.21896819351302452,1.391581532339947,477609.18102073495,0.443800710153514,0,1,0,0,0,0,0,1,0,0,1,0,1,0,0,0,0,0,1,0,0
1.5027376478647696,0.7169204860368208,1.423252324415902,-0.9127600516957498,0,1966.0,0,0,0.0,-0.6601078679300623,-0.1074719439299538,-0.0627781142408998,1323290.0449456547,0.7225837796622961,0,0,0,1,0,0,1,0,0,0,0,1,0,0,1,0,0,0,1,0,0
-0.7511276257693942,-0.3443356115043728,-0.44779502514724795,0.6791301262930736,1,1932.0,1,1,0.0,-0.9548162963063805,-0.11479758915778428,-0.0627781142408998,620026.231203827,-0.743354063032409,0,0,0,0,0,0,0,0,0,0,0,0,0,1,0,0,0,1,0,0,0
-0.10613824624814865,0.7169204860368208,1.423252324415902,1.4750752152874853,1,2004.0,0,0,1.0,1.128663631139671,0.005201898751628784,1.391581532339947,1326107.1545872889,-0.6198542109260137,0,1,0,0,0,1,0,0,0,0,0,0,0,0,0,0,0,0,1,0,0
2.2307028875319035,0.7169204860368208,0.7995698745615187,-0.9127600516957498,0,1920.0,1,0,2.0,-0.6662419782042368,0.20599488794417023,-0.0627781142408998,2281834.4664845,1.3299943308009887,1,0,0,0,0,0,1,0,0,0,1,0,1,0,0,0,0,0,0,1,0
1.9647763375712064,0.7169204860368208,0.7995698745615187,-0.9127600516957498,0,1971.0,0,0,1.0,-0.7861623016475903,0.0012558129381004253,-1.1535478491765347,2529100.3578123,1.108106548977921,0,0,0,1,0,0,1,0,0,0,0,0,0,1,0,0,0,1,0,0,0
-0.24357392962878532,-0.3443356115043728,0.17588742470713542,0.2811575817958677,1,1907.0,1,0,0.0,0.06341628114629635,-0.0947500993658144,-0.0627781142408998,777992.6499988637,-0.03752029170605499,0,0,1,0,0,0,0,0,1,0,0,0,0,1,0,0,0,0,0,1,0
-0.4710749516012359,0.186292437266224,0.17588742470713542,-0.5147875071985439,0,1918.0,1,0,0.0,0.43895058251615404,-0.06243675805358178,0.6644017090495236,574097.006753491,-0.7104334121008917,0,1,0,0,0,0,0,0,0,0,0,1,0,0,0,0,1,0,0,0,0
0.29574633808179335,0.186292437266224,-0.44779502514724795,-0.5147875071985439,0,1877.0,0,0,0.0,-1.0557742808794528,-0.1074719439299538,-0.42636802588611145,2287244.213024589,0.08935639380424698,0,0,0,1,0,1,0,0,0,1,0,0,1,0,0,0,0,1,0,0,0
-0.13578470458852304,0.186292437266224,0.17588742470713542,-0.9127600516957498,0,1980.0,0,0,0.0,-0.004434771650775261,-0.13460761354696293,-0.0627781142408998,988400.1919300936,-0.36072778291703056,0,0,1,0,0,0,1,0,0,1,0,0,0,0,0,0,0,0,1,0,0
-0.5530880984274241,-0.8749636602749696,-1.0714774750016314,1.0771026707902793,1,1982.0,0,0,1.0,0.06563910108278272,0.15665444737018328,-0.7899579375313232,818224.6347234031,0.18809898307082826,0,0,0,1,0,0,0,0,0,0,1,0,0,1,0,0,0,1,0,0,0
-0.23926595779320214,-0.3443356115043728,0.17588742470713542,-0.9127600516957498,0,1980.0,0,1,2.0,-0.36182944752810786,0.3399289369960668,-0.42636802588611145,788418.0785258987,-0.031529374822582994,0,0,0,0,0,0,1,0,0,0,0,0,0,0,0,0,0,0,1,0,0
-1.1108396363271338,-1.4055917090455665,0.17588742470713542,1.8730477597846913,1,1872.0,0,0,1.0,-1.0404518568010401,-0.3770986188033418,-1.1535478491765347,305621.7108582624,-0.170683282006132,0,1,0,0,0,0,0,1,1,0,0,0,1,0,0,0,0,1,0,0,0
0.5838398554857284,0.186292437266224,0.7995698745615187,1.0771026707902793,0,1933.0,0,0,1.0,0.07222873149937116,-0.005557950439471885,-0.0627781142408998,1279173.8573070846,0.3898361293920072,1,0,0,0,1,0,0,0,0,0,0,0,0,0,0,0,0,0,1,0,0
-1.2634437404387273,-1.4055917090455665,-1.6951599248560147,0.2811575817958677,0,2009.0,0,0,1.0,-0.48563085020012414,-0.24382217924990196,1.391581532339947,198174.45616469788,-0.8073437840023123,0,1,0,0,0,0,0,1,0,0,1,0,0,0,1,0,0,0,0,1,0
-0.8010966717201354,-0.8749636602749696,-0.44779502514724795,-0.11681496270133813,0,1955.0,1,0,0.0,-1.0950840653067826,0.0371294737549063,-0.7899579375313232,751764.2241202209,-0.3292437964406254,0,0,0,1,0,0,0,0,0,0,1,0,1,0,0,0,1,0,0,0,0
0.5749384885049996,1.7781765835780143,2.670617224124669,-0.9127600516957498,0,1984.0,0,1,0.0,0.38072352981044094,-0.3660318189299894,0.30081179740431185,1446376.4615568316,-0.5454177682231326,0,0,0,1,0,0,1,0,0,0,0,0,0,0,1,0,0,0,1,0,0
-0.6653205314449322,-0.8749636602749696,-1.6951599248560147,1.0771026707902793,1,2015.0,0,0,1.0,3.5311103893328326,-0.1597041053939266,0.6644017090495236,405020.0669504079,-0.04601646736596959,1,0,0,0,0,0,0,0,0,0,1,0,0,0,0,0,0,1,0,0,0
-0.44023500234859175,-0.3443356115043728,0.17588742470713542,-0.11681496270133813,0,1941.0,1,1,0.0,-0.9808694909075885,0.7873052581008273,0.6644017090495236,660524.3915664565,-0.31100864906884423,0,0,0,0,0,0,0,0,1,0,0,0,1,0,0,0,0,1,0,0,0
-0.6745847759314366,-0.8749636602749696,0.17588742470713542,-0.9127600516957498,0,1972.0,1,1,2.0,0.8830153779369049,0.43717057962900585,-1.1535478491765347,667293.9557055108,-0.06534156540225869,1,0,0,0,0,0,0,0,0,0,0,0,0,0,0,0,0,0,0,0,0
0.6648097553194623,1.2475485348074176,1.423252324415902,-0.9127600516957498,0,1968.0,1,0,0.0,0.12073447403901562,-0.15181314833135517,-0.0627781142408998,1530608.449500853,-0.27715658288543604,0,0,0,0,0,1,0,0,0,0,0,0,0,1,0,0,1,0,0,0,0
-0.4538779952916894,0.186292437266224,-0.44779502514724795,-0.11681496270133813,0,1966.0,1,0,1.0,3.5263737747477113,-0.0044146386835172925,-1.5171377608217465,419111.0124890208,-0.6924970942990522,0,1,0,0,0,0,0,0,0,0,0,1,1,0,0,0,0,0,0,1,0
-0.7492784605341434,-1.4055917090455665,0.17588742470713542,-0.9127600516957498,0,1929.0,0,0,1.0,-0.8443253508325657,-0.14656659881234688,0.6644017090495236,494677.5757291134,1.3377408919227953,0,0,1,0,0,0,0,1,0,0,0,0,0,1,0,0,0,0,1,0,0
-0.742311256515928,-0.8749636602749696,0.17588742470713542,1.0771026707902793,1,1938.0,0,0,0.0,1.4993902584847527,-0.1074719439299538,-1.1535478491765347,499442.7419154918,-0.2066181561544502,1,0,0,0,0,0,0,0,0,0,0,0,0,0,1,1,0,0,0,0,0
-0.9168110548846966,-1.4055917090455665,-1.6951599248560147,-0.11681496270133813,0,1972.0,1,0,0.0,0.22325842773300175,-0.3920413774375544,1.7551714439851585,439281.0613449485,0.63879910237598,0,1,0,0,0,0,0,1,1,0,0,0,0,0,1,0,1,0,0,0,0
0.05751288629666363,0.186292437266224,0.17588742470713542,-0.5147875071985439,0,2011.0,1,0,0.0,-0.6852447160829023,-0.1074719439299538,-0.7899579375313232,1532345.1710082565,-0.15911960539773104,0,0,0,1,1,0,0,0,0,0,0,0,1,0,0,0,1,0,0,0,0
-0.3729087249592464,0.186292437266224,0.7995698745615187,-0.5147875071985439,0,1989.0,0,0,2.0,-0.15601900934805688,-0.1074719439299538,-0.0627781142408998,709220.7126910322,-0.6080466520972796,1,0,0,0,0,0,0,0,0,0,0,0,0,0,1,0,0,0,1,0,0
-1.2229262829503311,-1.4055917090455665,-1.6951599248560147,-0.9127600516957498,0,1888.0,0,0,0.0,-0.006953938143348306,-0.4011037662243504,-0.42636802588611145,162075.0831563093,-0.6383059656923427,1,0,0,0,0,0,0,1,0,0,0,0,0,0,0,0,0,0,0,1,0
-0.31115381791804686,-0.3443356115043728,0.17588742470713542,1.4750752152874853,1,1968.0,1,0,0.0,0.7038250215619231,-0.3106671831374053,0.6644017090495236,742549.386073743,-0.1315008257455681,1,0,0,0,0,0,0,0,1,0,0,0,1,0,0,0,0,1,0,0,0
-0.4630503317982232,0.186292437266224,0.17588742470713542,-0.9127600516957498,0,2012.0,0,0,0.0,0.9680065930374945,0.011280840398467173,1.391581532339947,575699.4773425445,-0.7020637838693035,0,0,1,0,0,0,0,0,0,0,0,0,0,0,0,0,1,0,0,0,0
1.1683146142439944,1.2475485348074176,0.17588742470713542,-0.9127600516957498,0,2012.0,0,0,0.0,-0.6448501485257732,-0.2929531327420758,0.30081179740431185,1532989.1073475722,0.0729450281935537,1,0,0,0,0,0,1,0,0,0,0,0,0,0,1,0,0,1,0,0,0
2.0076093121830176,1.7781765835780143,2.0469347742702855,-0.9127600516957498,0,1913.0,0,0,1.0,1.3464147306233896,0.055765786856851865,-1.1535478491765347,2505771.3018555744,0.30844891895992016,0,1,0,0,0,0,1,0,0,0,1,0,0,1,0,0,1,0,0,0,0
-0.4862310044029389,-0.3443356115043728,0.17588742470713542,-0.11681496270133813,0,1852.0,0,0,1.0,1.2046651587162334,0.04874328889814708,-0.0627781142408998,687051.17609427,-0.37497337209779547,1,0,0,0,0,0,0,0,0,0,1,0,0,1,0,0,0,0,1,0,0
-0.9404502314429746,-1.4055917090455665,-1.6951599248560147,1.8730477597846913,1,1865.0,0,0,2.0,-1.389479221025877,-0.044956711709507956,1.391581532339947,476083.9804199624,0.5401770495682523,0,0,1,0,0,0,0,1,0,0,0,0,1,0,0,0,0,0,0,1,0
0.020774961627514455,0.186292437266224,-0.44779502514724795,-0.9127600516957498,0,1966.0,1,0,0.0,1.983452402537545,-0.11227488349266788,1.391581532339947,972340.2543791588,-0.19743703089936512,0,0,0,0,0,1,0,0,0,0,0,0,0,0,0,0,0,1,0,0,0
-0.20830589688178877,-0.3443356115043728,-0.44779502514724795,0.2811575817958677,0,2005.0,0,0,0.0,-0.21284307862882992,0.2672948792106528,0.30081179740431185,1171965.361986909,0.011525491529021003,0,0,0,0,0,1,0,0,0,1,0,0,0,0,0,0,0,0,1,0,0
-0.6341125812436635,-0.3443356115043728,-0.44779502514724795,0.2811575817958677,1,1980.0,0,0,0.0,-0.3794183987440304,0.007572458237006703,-0.7899579375313232,843632.11667067,-0.580626117580433,0,0,0,1,0,0,0,0,0,1,0,0,1,0,0,0,1,0,0,0,0
1.087096471556243,0.7169204860368208,0.7995698745615187,-0.9127600516957498,0,1946.0,1,0,1.0,0.8382455566821658,-0.09767474419929584,0.30081179740431185,1653437.1438774338,0.3757748632187888,0,0,0,0,0,0,1,0,0,0,1,0,0,1,0,1,0,0,0,0,0
0.4738231899184039,0.186292437266224,0.17588742470713542,-0.5147875071985439,0,1995.0,0,1,0.0,1.0337819534257726,-0.13287254849738792,-0.42636802588611145,1201900.9680642036,0.2750894357565287,0,0,0,0,0,1,0,0,1,0,0,0,1,0,0,0,0,1,0,0,0
1.2136906813815718,0.186292437266224,0.17588742470713542,-0.9127600516957498,0,1982.0,0,0,0.0,0.195108664970216,-0.15086728746377479,-0.7899579375313232,925733.4975594464,1.0467665988116233,0,0,1,0,0,0,1,0,0,0,0,1,0,0,1,0,0,1,0,0,0
-0.09084392597426016,0.7169204860368208,0.7995698745615187,1.0771026707902793,1,1970.0,1,0,0.0,-0.38668366406097243,0.49427902413934094,1.7551714439851585,826828.2788062956,-0.6070927066664117,1,0,0,0,0,0,0,0,1,0,0,0,0,0,0,0,0,0,1,0,0
0.0019695330532076122,0.186292437266224,0.17588742470713542,-0.5147875071985439,0,1966.0,0,0,0.0,0.7304847242711243,0.6969338578384658,-0.0627781142408998,1104807.3886993085,-0.21705097520655156,1,0,0,0,0,1,0,0,0,0,0,0,0,1,0,0,0,0,1,0,0
3.1771142591337065,0.186292437266224,0.17588742470713542,1.0771026707902793,1,1985.0,1,0,0.0,-0.4160097368744238,0.08722267150345851,-1.1535478491765347,4100588.0387075646,3.094605102107558,1,0,0,0,0,0,0,0,0,0,0,0,0,0,1,0,0,1,0,0,0
0.31856006544401744,0.186292437266224,0.17588742470713542,-0.5147875071985439,0,1966.0,1,0,1.0,-0.4016574043101884,0.0005104694756296206,1.391581532339947,2188190.376245896,0.11315096866085814,0,1,0,0,1,0,0,0,0,1,0,0,1,0,0,0,0,0,1,0,0
1.0547954862657238,0.186292437266224,0.17588742470713542,-0.9127600516957498,0,2004.0,0,0,0.0,-0.4896980087299736,-0.39489788739191933,0.6644017090495236,1197437.5168786356,0.8810399047686167,0,0,0,0,0,0,1,0,1,0,0,0,0,0,0,0,0,1,0,0,0
-1.1227870919588967,-1.4055917090455665,-1.6951599248560147,0.2811575817958677,1,1958.0,0,0,1.0,4.034516854057198,-0.1074719439299538,-1.5171377608217465,140125.37274330537,-0.22052776780405656,0,1,0,0,0,0,0,1,0,0,0,1,1,0,0,0,0,1,0,0,0
0.3293070622518849,0.186292437266224,0.7995698745615187,-0.11681496270133813,0,1999.0,1,0,0.0,-0.7572093474858692,0.06872578284707477,-0.7899579375313232,1587406.0990949352,0.12436001907021803,0,0,0,1,1,0,0,0,0,0,0,0,0,1,0,0,0,1,0,0,0
-0.08308700804154513,0.7169204860368208,1.423252324415902,0.2811575817958677,0,1903.0,1,0,1.0,-0.45716159441514137,-0.22823515106478898,1.7551714439851585,1059074.86640394,-0.6006203731813645,0,1,0,0,1,0,0,0,0,0,0,0,0,0,0,0,0,0,1,0,0
-0.2749999326748693,-0.3443356115043728,0.17588742470713542,0.6791301262930736,1,2015.0,0,0,0.0,-0.03431790143112142,-0.15817296358273675,1.0279916206947353,622966.0708835142,-0.08122312436474172,0,0,0,0,1,0,0,0,1,0,0,0,0,1,0,0,0,0,1,0,0
0.319312775342409,1.2475485348074176,1.423252324415902,-0.9127600516957498,0,1965.0,0,0,0.0,-0.5930000504932855,-0.3175550588930908,-0.7899579375313232,1147685.0807849544,-0.5173907080759176,1,0,0,0,0,0,0,0,1,0,0,0,0,0,0,0,0,1,0,0,0
-1.1100268839514889,-1.4055917090455665,-1.6951599248560147,-0.11681496270133813,0,2020.0,1,1,0.0,2.013806276649496,-0.1332612298428577,1.0279916206947353,159242.27090998823,-0.1672924994417374,0,0,0,0,0,0,0,1,0,0,0,1,0,0,1,0,0,1,0,0,0
-0.019915727115978436,1.7781765835780143,2.670617224124669,1.8730477597846913,1,2012.0,0,0,2.0,1.159230459938745,-0.1074719439299538,0.6644017090495236,1312301.5807446248,-0.8999487533277126,1,0,0,0,0,1,0,0,0,0,1,0,0,1,0,0,0,0,1,0,0
-0.9222639389390211,-0.3443356115043728,-0.44779502514724795,0.2811575817958677,0,1998.0,0,0,1.0,-1.2627430921245366,0.010008865593166525,-0.0627781142408998,341460.7527604584,-0.9813462011133853,0,0,0,1,0,0,0,0,0,0,0,1,0,0,0,0,0,0,0,1,0
0.7936248019833274,0.186292437266224,0.7995698745615187,-0.9127600516957498,0,1931.0,0,0,0.0,-0.780704815678462,-0.31974520878122953,-1.5171377608217465,1639335.7705702053,0.6086405156271484,0,0,0,1,0,0,1,0,0,0,1,0,0,1,0,0,0,0,1,0,0
0.5603338935636386,0.186292437266224,0.17588742470713542,-0.9127600516957498,0,1969.0,1,1,1.0,-0.8114715603623057,-0.07822776313712142,-0.7899579375313232,1122647.1963226527,0.3653195582218812,0,0,1,0,0,0,1,0,0,0,0,0,1,0,0,0,0,0,0,0,1
0.6138424272002456,0.7169204860368208,1.423252324415902,-0.9127600516957498,0,1962.0,0,0,0.0,-0.5146454950995565,-0.1074719439299538,-1.1535478491765347,963562.9507425714,-0.01910594186241798,1,0,0,0,0,0,1,0,1,0,0,0,0,1,0,0,0,0,1,0,0
-0.21511394405364517,-0.3443356115043728,-0.44779502514724795,1.4750752152874853,1,1940.0,0,0,0.0,0.7207681159090102,0.31851570273976615,0.30081179740431185,829005.2680145585,0.0020578240738953995,0,0,0,1,0,0,0,0,1,0,0,0,1,0,0,0,0,0,0,0,1
-0.8608575627509685,-1.4055917090455665,0.17588742470713542,1.4750752152874853,1,1975.0,1,1,0.0,1.0933421622367314,-0.13965759952069845,-0.0627781142408998,500628.85723178537,0.8722356707938824,1,0,0,0,0,0,0,1,0,0,1,0,0,1,0,0,0,0,1,0,0
-0.02378666051757483,1.7781765835780143,2.0469347742702855,-0.11681496270133813,0,1942.0,0,1,0.0,-1.4662429466081137,0.022109489409199986,0.6644017090495236,1424455.3701725234,-0.9022558157912602,0,0,0,1,0,1,0,0,1,0,0,0,0,0,1,0,0,0,1,0,0
-0.7724441611686222,-0.3443356115043728,-0.44779502514724795,0.2811575817958677,1,2022.0,0,0,1.0,2.2589401708247445,-0.15972596535919406,-1.1535478491765347,409977.1212895874,-0.7729980803784685,1,0,0,0,0,0,0,0,0,0,1,0,0,0,0,0,0,0,1,0,0
0.3860513894164577,0.186292437266224,0.17588742470713542,1.0771026707902793,1,1986.0,0,0,0.0,0.6837343704108716,0.1486931499201683,0.6644017090495236,1287169.6222214154,0.18354399716233774,0,0,0,0,1,0,0,0,0,0,1,0,0,1,0,0,0,0,1,0,0
0.14550107653299085,0.186292437266224,0.17588742470713542,-0.5147875071985439,0,1975.0,0,0,0.0,0.8477741754334867,-0.011174273644784221,-1.1535478491765347,805204.1367464552,-0.06734847366487928,0,0,1,0,0,0,0,0,0,0,0,0,0,0,0,0,1,0,0,0,0
1.6156931234272287,1.7781765835780143,2.670617224124669,-0.9127600516957498,0,1971.0,0,0,1.0,1.1633284408730655,-0.1074719439299538,1.7551714439851585,1268843.0553877412,0.07486827209004153,1,0,0,0,0,0,1,0,0,0,0,0,1,0,0,0,0,0,0,0,1
-0.17686765559619413,0.186292437266224,-0.44779502514724795,1.0771026707902793,1,1930.0,1,1,0.0,-1.1893735203701892,0.028346601381995976,0.6644017090495236,1499662.973894248,-0.4035770436959241,0,0,0,1,0,0,0,0,0,0,1,0,1,0,0,0,1,0,0,0,0
-0.05425283361772681,0.186292437266224,0.7995698745615187,-0.5147875071985439,0,1866.0,1,0,0.0,1.4562049707688343,0.30865565157436686,1.7551714439851585,980842.5831581824,-0.2756905517705528,0,0,0,0,1,0,0,0,0,0,0,0,0,0,1,1,0,0,0,0,0
-0.01757042248136849,1.2475485348074176,1.423252324415902,-0.9127600516957498,0,1985.0,1,0,1.0,0.4055279371577232,-0.16103916627578607,0.30081179740431185,935896.6264844012,-0.7516354193493482,0,0,1,0,0,0,0,0,0,0,0,0,0,1,0,0,0,1,0,0,0
-0.6629197387939488,-0.8749636602749696,-1.6951599248560147,-0.11681496270133813,0,1966.0,0,0,2.0,-0.14400358787566817,0.2624970019711204,-0.7899579375313232,388962.6155123352,-0.041008443947260914,0,0,1,0,0,0,0,0,0,0,0,1,1,0,0,0,0,1,0,0,0
0.280927129829359,0.7169204860368208,0.7995698745615187,3.066965393276309,1,1965.0,0,1,1.0,-0.9834308960165828,0.4929016805302668,-0.42636802588611145,1557646.7300073656,-0.2968887991194712,0,0,0,0,0,1,0,0,1,0,0,0,0,0,1,0,1,0,0,0,0
-1.1589868672067947,-1.4055917090455665,-1.6951599248560147,0.6791301262930736,0,2010.0,1,1,2.0,-0.18227206194465803,-0.1074719439299538,-1.1535478491765347,299003.4783544046,-0.3715523238973988,0,0,0,1,0,0,0,1,1,0,0,0,0,0,0,0,1,0,0,0,0
0.2705459942499673,1.7781765835780143,2.0469347742702855,1.8730477597846913,1,1984.0,0,0,1.0,-1.191234804821806,0.011096831153699697,-0.0627781142408998,1496713.1959229885,-0.7268346061857265,0,0,0,1,0,1,0,0,0,0,0,1,0,1,0,0,0,0,1,0,0
1.2651723598360425,0.186292437266224,0.17588742470713542,-0.9127600516957498,0,1983.0,1,0,0.0,-0.7977942922699418,0.16231507375058252,0.6644017090495236,1550901.427875736,1.1004616672359646,0,0,1,0,0,0,1,0,0,0,0,0,1,0,0,0,1,0,0,0,0
-0.22754796713377146,-0.3443356115043728,-1.0714774750016314,0.2811575817958677,1,1935.0,0,0,0.0,-0.3955219951072683,-0.154011918471289,-0.7899579375313232,1226751.8098804995,-0.015233653596623046,0,0,1,0,0,1,0,0,0,0,1,0,0,1,0,0,0,1,0,0,0
-1.1376429302619546,-1.4055917090455665,-1.6951599248560147,2.271020304281897,1,2012.0,0,0,0.0,0.917919863214996,0.17821516593247383,1.7551714439851585,184617.32758576653,-0.2825059532969092,0,0,0,1,0,0,0,1,0,0,0,1,0,0,0,0,0,1,0,0,0
-0.4476850926640962,-0.3443356115043728,0.17588742470713542,-0.11681496270133813,0,1941.0,0,1,0.0,-0.6143391859395422,-0.1060110662601582,-0.42636802588611145,953242.715979487,-0.32136917916467383,0,0,1,0,0,0,0,0,0,0,1,0,0,0,0,0,1,0,0,0,0
-0.9811977111246587,-1.4055917090455665,-1.6951599248560147,-0.5147875071985439,0,1968.0,0,0,1.0,0.45491027469530404,-0.24778935727146464,-0.7899579375313232,353218.94686370384,0.37017958442636095,0,1,0,0,0,0,0,1,1,0,0,0,1,0,0,0,0,1,0,0,0
0.029904192756004217,0.186292437266224,0.17588742470713542,1.0771026707902793,1,1968.0,0,0,0.0,1.08092775943084,-0.0513190034126629,-1.5171377608217465,711542.5724426904,-0.18791529996863407,0,0,0,0,0,0,0,0,1,0,0,0,0,1,0,0,0,0,0,0,1
1.1441872766354275,0.7169204860368208,0.17588742470713542,-0.9127600516957498,0,1990.0,0,1,0.0,0.06294884567448221,0.5170264710450779,-0.0627781142408998,1904185.3479418969,0.42341114512966077,0,0,0,1,0,0,1,0,0,0,0,0,0,1,0,0,0,1,0,0,0
0.1976714032008123,0.186292437266224,0.17588742470713542,1.0771026707902793,1,1978.0,1,0,0.0,0.34303650015383197,-0.18353002533024942,1.7551714439851585,1950664.3250780464,-0.01293514946399274,0,1,0,0,1,0,0,0,0,1,0,0,0,1,0,0,0,1,0,0,0
0.46525038322381546,0.186292437266224,0.17588742470713542,1.8730477597846913,1,1952.0,0,0,1.0,0.2470341435363339,-0.08908624749943099,-1.5171377608217465,1264339.6404107455,0.2661480520279141,0,0,1,0,0,1,0,0,1,0,0,0,1,0,0,0,0,1,0,0,0
-0.39248882521972184,-0.3443356115043728,0.17588742470713542,-0.9127600516957498,0,2012.0,1,0,0.0,0.886749056779401,-0.15101562647892544,1.7551714439851585,761245.579108407,-0.244610030507804,0,0,0,0,0,0,0,0,0,0,0,0,0,0,0,0,0,1,0,0,0
-0.21144099516990633,-0.3443356115043728,0.17588742470713542,0.6791301262930736,1,1965.0,1,0,0.0,-0.2549107400233957,0.17964139821296912,-0.0627781142408998,1002234.3136050324,0.00716564100481592,1,0,0,0,0,0,0,0,0,0,0,0,0,0,1,0,1,0,0,0,0
-0.5638885499072345,-0.8749636602749696,0.17588742470713542,-0.5147875071985439,0,1883.0,0,0,2.0,-0.5227153329416058,0.1911791444993849,1.0279916206947353,799235.2947090984,0.1655693764755392,0,1,0,0,0,0,0,0,0,0,0,0,0,0,1,0,1,0,0,0,0
-1.066959142288193,-1.4055917090455665,0.17588742470713542,-0.11681496270133813,0,1966.0,1,1,0.0,-0.13849050074181618,0.07673531202540844,1.391581532339947,271933.1975896982,0.012385040600992828,0,0,0,0,0,0,0,1,1,0,0,0,0,1,0,0,0,1,0,0,0
0.7301275523960502,1.7781765835780143,2.0469347742702855,-0.9127600516957498,0,1939.0,0,0,0.0,-0.8520453670522948,-0.21844530957256825,0.30081179740431185,1097341.9775105813,-0.4529256411541226,1,0,0,0,0,0,1,0,1,0,0,0,0,0,1,0,1,0,0,0,0
0.2860050879657311,0.186292437266224,-0.44779502514724795,-0.9127600516957498,0,1966.0,1,1,0.0,-0.32000858085360046,-0.1552968702651674,1.7551714439851585,4183923.1660682936,0.07919633089986507,0,0,0,0,0,0,0,0,1,0,0,0,0,1,0,0,0,1,0,0,0
0.24912795246883354,1.2475485348074176,1.423252324415902,1.4750752152874853,1,1972.0,1,1,1.0,0.4391777927335502,0.3839296002703513,-1.5171377608217465,1408200.8796138202,-0.5661922620744565,0,0,0,0,0,1,0,0,1,0,0,0,0,0,0,0,0,0,1,0,0
-0.5473587643587472,-0.3443356115043728,0.17588742470713542,1.4750752152874853,1,1966.0,0,0,0.0,-1.0569310728765577,-0.28547008850467587,1.0279916206947353,996340.7648366104,-0.45998120017671346,0,1,0,0,0,0,0,0,0,0,1,0,0,1,0,0,1,0,0,0,0
0.34024626898556587,1.7781765835780143,2.0469347742702855,-0.9127600516957498,0,2007.0,1,1,0.0,1.1305660102201742,-0.31360636737524183,0.6644017090495236,1157055.470861005,-0.6852934917157291,0,1,0,0,0,0,1,0,1,0,0,0,0,1,0,0,1,0,0,0,0
1.896569030551515,0.186292437266224,0.17588742470713542,-0.9127600516957498,0,1852.0,1,0,1.0,0.8833920726909779,0.024197188224807202,-0.42636802588611145,2580549.707802303,1.7590044431276166,0,0,0,1,0,0,1,0,0,0,0,0,0,0,1,0,1,0,0,0,0
-1.000200711379317,-1.4055917090455665,-1.6951599248560147,2.668992848779103,1,2000.0,0,1,0.0,-0.04797052653095118,-0.17021366986594808,1.0279916206947353,439726.40004216414,0.29089954309328375,0,0,0,1,0,0,0,1,1,0,0,0,1,0,0,0,0,1,0,0,0
1.260062283862882,0.7169204860368208,0.7995698745615187,-0.9127600516957498,0,1982.0,0,0,1.0,-0.2808559535010282,-0.0924591069682294,0.6644017090495236,1713098.479726327,0.5200966709872025,0,0,1,0,0,0,1,0,0,0,1,0,0,0,0,0,0,0,0,0,1
-0.49948182687152615,-0.3443356115043728,0.17588742470713542,0.2811575817958677,1,1975.0,0,0,2.0,1.831876011751989,0.1401657864321789,-0.0627781142408998,822615.6057896117,-0.39340073863516345,0,0,0,1,0,0,0,0,0,0,1,0,0,1,0,0,0,0,1,0,0
1.3696727242538336,0.186292437266224,0.17588742470713542,-0.9127600516957498,0,1967.0,0,0,0.0,-0.48834948847907295,-0.31547092030348406,-1.5171377608217465,1507000.7522051616,1.2094548932968492,0,0,1,0,0,0,1,0,0,0,0,0,1,0,0,0,0,0,1,0,0
0.49227504671332134,0.186292437266224,0.7995698745615187,-0.9127600516957498,0,1955.0,0,0,0.0,0.6992969462112648,-0.11877147433211331,0.30081179740431185,870348.6074189065,0.2943346069106794,0,1,0,0,0,0,1,0,0,0,0,1,1,0,0,0,0,0,1,0,0
0.4159612842631363,0.7169204860368208,0.17588742470713542,-0.9127600516957498,0,2019.0,0,0,0.0,0.2652679257777891,-0.2544049628997264,1.391581532339947,1176411.9695570506,-0.1842169767606556,0,0,0,1,0,0,1,0,0,0,0,0,0,1,0,1,0,0,0,0,0
1.4800074824959069,0.7169204860368208,0.7995698745615187,-0.9127600516957498,0,1933.0,0,0,0.0,0.8136506105777132,-0.3449329881150151,-0.42636802588611145,1206638.03154796,0.7036178434858823,0,0,0,0,0,0,1,0,1,0,0,0,0,1,0,0,0,1,0,0,0
-0.5266549930483769,0.186292437266224,0.17588742470713542,0.6791301262930736,1,1947.0,1,0,0.0,0.9983604730576164,-0.3278146131926551,-0.42636802588611145,377871.7340144116,-0.7684030474765386,0,0,1,0,0,0,0,0,0,0,0,1,0,1,0,1,0,0,0,0,0
-0.6403887911565335,-0.3443356115043728,0.17588742470713542,-0.11681496270133813,0,1957.0,1,0,0.0,-0.6641400905598682,-0.18237318806212754,1.0279916206947353,770098.507591716,-0.5893541811254766,0,0,0,0,0,0,0,0,0,1,0,0,1,0,0,1,0,0,0,0,0
0.04846003511300018,0.7169204860368208,0.7995698745615187,-0.11681496270133813,0,1939.0,0,0,1.0,-1.3697956831670197,-0.33171359211391355,-0.0627781142408998,735207.5246307566,-0.4908581790143684,1,0,0,0,1,0,0,0,0,0,0,1,0,1,0,0,0,0,0,1,0
1.0421679556183499,0.7169204860368208,0.17588742470713542,-0.5147875071985439,0,1998.0,0,0,0.0,0.14469332422975834,-0.1074719439299538,-0.42636802588611145,2258754.6129510063,0.33828673447220536,0,1,0,0,1,0,0,0,0,0,0,0,0,0,0,0,1,0,0,0,0
-0.5626857763966124,-0.3443356115043728,-1.0714774750016314,3.066965393276309,1,1956.0,1,0,0.0,-0.6227865748078011,0.08985492482287273,-1.5171377608217465,1167269.537073967,-0.48129583701634693,0,1,0,0,0,0,0,0,0,1,0,0,1,0,0,0,0,1,0,0,0
-1.144675727662084,-1.4055917090455665,-1.0714774750016314,-0.11681496270133813,0,2023.0,1,0,0.0,-0.4351207300628161,-0.1074719439299538,0.30081179740431185,306954.1827242578,-0.31184660798814573,0,1,0,0,0,0,0,1,0,0,0,0,0,0,0,0,0,1,0,0,0
-0.32523082548747617,0.186292437266224,0.7995698745615187,0.6791301262930736,1,1947.0,0,0,0.0,0.31403572148840525,-0.1260674751519551,-1.1535478491765347,989488.812745142,-0.5583189013455314,0,0,0,1,0,0,0,0,0,0,1,0,0,0,0,0,1,0,0,0,0
-0.9740844240792742,-1.4055917090455665,-1.6951599248560147,-0.5147875071985439,0,2018.0,0,0,0.0,-0.9431084125933427,-0.012407240466980161,1.0279916206947353,319538.0389115207,0.39985603990258917,0,0,0,0,0,0,0,1,1,0,0,0,0,1,0,0,1,0,0,0,0
0.015381085847074984,0.7169204860368208,0.7995698745615187,-0.5147875071985439,0,2021.0,0,0,0.0,0.4200600141986659,0.5606169696775551,1.0279916206947353,1227985.9369883947,-0.5184590886593012,0,0,0,1,0,0,0,0,0,0,1,0,0,1,0,0,0,0,1,0,0
0.08214377436538581,0.186292437266224,0.17588742470713542,1.8730477597846913,1,1983.0,0,0,0.0,-1.2439842705073356,0.29506998535871054,-0.0627781142408998,922734.1721598292,-0.13342974329713986,0,0,1,0,0,0,0,0,1,0,0,0,0,0,0,0,0,1,0,0,0
0.05751288629666363,0.186292437266224,0.17588742470713542,-0.5147875071985439,0,2011.0,1,0,0.0,-0.6852447160829023,-0.1074719439299538,-0.7899579375313232,1561233.5851291884,-0.15911960539773104,0,0,0,1,1,0,0,0,0,0,0,0,1,0,0,0,1,0,0,0,0
0.09458615547425075,1.2475485348074176,0.7995698745615187,-0.9127600516957498,0,1966.0,1,0,0.0,1.0360460649461058,-0.24417678269778378,-0.42636802588611145,886587.3592337181,-0.673649680106951,0,1,0,0,0,0,1,0,0,0,0,0,0,1,0,0,0,1,0,0,0
1.9022282154758394,1.2475485348074176,2.0469347742702855,-0.9127600516957498,0,1945.0,1,1,0.0,-1.349638203313495,-0.1074719439299538,-0.0627781142408998,2541146.0959166544,0.5832565567314826,1,0,0,0,0,0,1,0,0,0,1,0,0,1,0,0,0,1,0,0,0
